,Status of existing checking account,Duration,Credit history,Purpose_business,Purpose_car (new),Purpose_car (used),Purpose_domestic appliances,Purpose_education,Purpose_furniture/equipment,Purpose_others,Purpose_radio/television,Purpose_repairs,Purpose_retraining,Credit amount,Savings account/bonds,Present employment since,Installment rate in percentage of disposable income,Sex,Other debtors_co-applicant,Other debtors_guarantor,Other debtors_none,Present residence since,Age,Housing,Number of existing credits at this bank,Job,Number of people being liable to provide maintenance for,Telephone,foreign worker
0,1,6,0,0,0,0,0,0,0,0,1,0,0,1169,0,4,4,0,0,0,1,4,67,1,2,2,1,1,1
1,2,48,3,0,0,0,0,0,0,0,1,0,0,5951,1,2,2,1,0,0,1,2,22,1,1,2,1,0,1
2,0,12,0,0,0,0,0,1,0,0,0,0,0,2096,1,3,2,0,0,0,1,3,49,1,1,1,2,0,1
3,1,42,3,0,0,0,0,0,1,0,0,0,0,7882,1,3,2,0,0,1,0,4,45,2,1,2,2,0,1
4,1,24,1,0,1,0,0,0,0,0,0,0,0,4870,1,2,3,0,0,0,1,4,53,2,2,2,2,0,1
5,0,36,3,0,0,0,0,1,0,0,0,0,0,9055,0,2,2,0,0,0,1,4,35,2,1,1,2,1,1
6,0,24,3,0,0,0,0,0,1,0,0,0,0,2835,3,4,3,0,0,0,1,4,53,1,1,2,1,0,1
7,2,36,3,0,0,1,0,0,0,0,0,0,0,6948,1,2,2,0,0,0,1,2,35,0,1,3,1,1,1
8,0,12,3,0,0,0,0,0,0,0,1,0,0,3059,4,3,2,0,0,0,1,4,61,1,1,1,1,0,1
9,2,30,0,0,1,0,0,0,0,0,0,0,0,5234,1,0,4,0,0,0,1,2,28,1,2,3,1,0,1
10,2,12,3,0,1,0,0,0,0,0,0,0,0,1295,1,1,3,1,0,0,1,1,25,0,1,2,1,0,1
11,1,48,3,1,0,0,0,0,0,0,0,0,0,4308,1,1,3,1,0,0,1,4,24,0,1,2,1,0,1
12,2,12,3,0,0,0,0,0,0,0,1,0,0,1567,1,2,1,1,0,0,1,1,22,1,1,2,1,1,1
13,1,24,0,0,1,0,0,0,0,0,0,0,0,1199,1,4,4,0,0,0,1,4,60,1,2,1,1,0,1
14,1,15,3,0,1,0,0,0,0,0,0,0,0,1403,1,2,2,1,0,0,1,4,28,0,1,2,1,0,1
15,1,24,3,0,0,0,0,0,0,0,1,0,0,1282,2,2,4,1,0,0,1,2,32,1,1,1,1,0,1
16,0,24,0,0,0,0,0,0,0,0,1,0,0,2424,0,4,4,0,0,0,1,4,53,1,2,2,1,0,1
17,1,30,2,1,0,0,0,0,0,0,0,0,0,8072,0,1,2,0,0,0,1,3,25,1,3,2,1,0,1
18,2,24,3,0,0,1,0,0,0,0,0,0,0,12579,1,4,4,1,0,0,1,2,44,2,1,3,1,1,1
19,0,24,3,0,0,0,0,0,0,0,1,0,0,3430,3,4,3,0,0,0,1,2,31,1,1,2,2,1,1
20,0,9,0,0,1,0,0,0,0,0,0,0,0,2134,1,2,4,0,0,0,1,4,48,1,3,2,1,1,1
21,1,6,3,0,0,0,0,0,0,0,1,0,0,2647,3,2,2,0,0,0,1,3,44,0,1,2,2,0,1
22,1,10,0,0,1,0,0,0,0,0,0,0,0,2241,1,1,1,0,0,0,1,3,48,0,2,1,2,0,0
23,2,12,0,0,0,1,0,0,0,0,0,0,0,1804,2,1,3,0,0,0,1,4,44,1,1,2,1,0,1
24,0,10,0,0,0,0,0,0,1,0,0,0,0,2069,0,2,2,0,0,0,1,1,26,1,2,2,1,0,0
25,1,6,3,0,0,0,0,0,1,0,0,0,0,1374,1,2,1,0,0,0,1,2,36,1,1,1,1,1,1
26,0,6,2,0,0,0,0,0,0,0,1,0,0,426,1,4,4,0,0,0,1,4,39,1,1,1,1,0,1
27,3,12,4,0,0,0,0,0,0,0,1,0,0,409,4,2,3,1,0,0,1,3,42,0,2,2,1,0,1
28,2,7,3,0,0,0,0,0,0,0,1,0,0,2415,1,2,3,0,0,1,0,2,34,1,1,2,1,0,1
29,1,60,1,1,0,0,0,0,0,0,0,0,0,6836,1,4,3,0,0,0,1,4,63,1,2,2,1,1,1
30,2,18,3,1,0,0,0,0,0,0,0,0,0,1913,4,1,3,0,0,0,1,3,36,1,1,2,1,1,1
31,1,24,3,0,0,0,0,0,1,0,0,0,0,4020,1,2,2,0,0,0,1,2,27,1,1,2,1,0,1
32,2,18,3,0,1,0,0,0,0,0,0,0,0,5866,2,2,2,0,0,0,1,2,30,1,2,2,1,1,1
33,0,12,0,1,0,0,0,0,0,0,0,0,0,1264,0,4,4,0,0,0,1,4,57,0,1,1,1,0,1
34,3,12,3,0,0,0,0,0,1,0,0,0,0,1474,1,1,4,1,0,0,1,1,33,1,1,3,1,1,1
35,2,45,0,0,0,0,0,0,0,0,1,0,0,4746,1,1,4,0,0,0,1,2,25,1,2,1,1,0,1
36,0,48,0,0,0,0,0,1,0,0,0,0,0,6110,1,2,1,0,0,0,1,3,31,2,1,2,1,1,1
37,3,18,3,0,0,0,0,0,0,0,1,0,0,2100,1,2,4,0,1,0,0,2,37,1,1,2,1,0,1
38,3,10,3,0,0,0,1,0,0,0,0,0,0,1225,1,2,2,0,0,0,1,2,37,1,1,2,1,1,1
39,2,9,3,0,0,0,0,0,0,0,1,0,0,458,1,2,4,0,0,0,1,3,24,1,1,2,1,0,1
40,0,30,3,0,0,0,0,0,0,0,1,0,0,2333,3,4,4,0,0,0,1,2,30,1,1,3,1,0,1
41,2,12,3,0,0,0,0,0,0,0,1,0,0,1158,3,2,3,0,0,0,1,1,26,1,1,2,1,1,1
42,2,18,1,0,0,0,0,0,0,0,0,1,0,6204,1,2,2,0,0,0,1,4,44,1,1,1,2,1,1
43,1,30,0,0,0,1,0,0,0,0,0,0,0,6187,2,3,1,0,0,0,1,4,24,0,2,2,1,0,1
44,1,48,0,0,0,1,0,0,0,0,0,0,0,6143,1,4,4,1,0,0,1,4,58,2,2,1,1,0,1
45,0,11,0,0,1,0,0,0,0,0,0,0,0,1393,1,1,4,1,0,0,1,4,35,1,2,3,1,0,1
46,0,36,3,0,0,0,0,0,0,0,1,0,0,2299,3,4,4,0,0,0,1,4,39,1,1,2,1,0,1
47,1,6,3,0,0,1,0,0,0,0,0,0,0,1352,3,0,1,1,0,0,1,2,23,0,1,0,1,1,1
48,0,11,0,0,1,0,0,0,0,0,0,0,0,7228,1,2,1,0,0,0,1,4,39,1,2,1,1,0,1
49,0,12,3,0,0,0,0,0,0,0,1,0,0,2073,2,2,4,1,1,0,0,2,28,1,1,2,1,0,1
50,2,24,1,0,0,0,0,0,1,0,0,0,0,2333,0,1,4,0,0,0,1,2,29,1,1,1,1,0,1
51,2,27,1,0,0,1,0,0,0,0,0,0,0,5965,1,4,1,0,0,0,1,2,30,1,2,3,1,1,1
52,0,12,3,0,0,0,0,0,0,0,1,0,0,1262,1,2,3,0,0,0,1,2,25,1,1,2,1,0,1
53,0,18,3,0,0,1,0,0,0,0,0,0,0,3378,0,2,2,0,0,0,1,1,31,1,1,2,1,1,1
54,2,36,1,0,1,0,0,0,0,0,0,0,0,2225,1,4,4,0,0,0,1,4,57,2,2,2,1,1,1
55,0,6,4,0,1,0,0,0,0,0,0,0,0,783,0,2,1,0,0,1,0,2,26,1,1,1,2,0,1
56,2,12,3,0,0,0,0,0,0,0,1,0,0,6468,0,0,2,0,0,0,1,1,52,1,1,3,1,1,1
57,0,36,0,0,0,0,0,0,0,0,1,0,0,9566,1,2,2,1,0,0,1,2,31,1,2,2,1,0,1
58,3,18,3,0,1,0,0,0,0,0,0,0,0,1961,1,4,3,1,0,0,1,2,23,1,1,3,1,0,1
59,1,36,0,0,0,0,0,0,1,0,0,0,0,6229,1,1,4,1,1,0,0,4,23,0,2,1,1,1,1
60,2,9,3,1,0,0,0,0,0,0,0,0,0,1391,1,2,2,0,0,0,1,1,27,1,1,2,1,1,1
61,2,15,0,0,0,0,0,0,0,0,1,0,0,1537,0,4,4,0,0,1,0,4,50,1,2,2,1,1,1
62,2,36,2,1,0,0,0,0,0,0,0,0,0,1953,1,4,4,0,0,0,1,4,61,2,1,3,1,1,1
63,2,48,2,1,0,0,0,0,0,0,0,0,0,14421,1,2,2,0,0,0,1,2,25,1,1,2,1,1,1
64,0,24,3,0,0,0,0,0,0,0,1,0,0,3181,1,1,4,1,0,0,1,4,26,1,1,2,1,1,1
65,0,27,3,0,0,0,0,0,0,0,0,1,0,5190,0,4,4,0,0,0,1,4,48,1,4,2,2,1,1
66,0,12,3,0,0,0,0,0,0,0,1,0,0,2171,1,1,2,1,0,0,1,2,29,1,1,2,1,0,1
67,2,12,3,0,1,0,0,0,0,0,0,0,0,1007,4,2,4,0,0,0,1,1,22,1,1,2,1,0,1
68,0,36,3,0,0,0,0,1,0,0,0,0,0,1819,1,2,4,0,0,0,1,4,37,2,1,2,1,1,1
69,0,36,3,0,0,0,0,0,0,0,1,0,0,2394,0,2,4,1,0,0,1,4,25,1,1,2,1,0,1
70,0,36,3,0,0,1,0,0,0,0,0,0,0,8133,1,2,1,1,0,0,1,2,30,1,1,2,1,0,1
71,0,7,0,0,0,0,0,0,0,0,1,0,0,730,0,4,4,0,0,0,1,2,46,0,2,1,1,1,1
72,1,8,0,0,0,0,0,0,0,1,0,0,0,1164,1,4,3,0,0,0,1,4,51,2,2,3,2,1,1
73,2,42,0,1,0,0,0,0,0,0,0,0,0,5954,1,3,2,1,0,0,1,1,41,1,2,1,1,0,1
74,1,36,3,0,0,0,0,1,0,0,0,0,0,1977,0,4,4,0,0,0,1,4,40,1,1,3,1,1,1
75,1,12,0,0,0,1,0,0,0,0,0,0,0,1526,1,4,4,0,0,0,1,4,66,2,2,3,1,0,1
76,1,42,3,0,0,0,0,0,0,0,1,0,0,3965,1,1,4,0,0,0,1,3,34,1,1,2,1,0,1
77,2,11,1,0,0,0,0,0,0,0,1,0,0,4771,1,3,2,0,0,0,1,4,51,1,1,2,1,0,1
78,0,54,2,0,0,1,0,0,0,0,0,0,0,9436,0,2,2,0,0,0,1,2,39,1,1,1,2,0,1
79,2,30,3,0,0,0,0,0,1,0,0,0,0,3832,1,1,2,0,0,0,1,1,22,1,1,2,1,0,1
80,0,24,3,0,0,0,0,0,0,0,1,0,0,5943,0,1,1,1,0,0,1,1,44,1,2,2,1,1,1
81,0,15,3,0,0,0,0,0,0,0,1,0,0,1213,3,4,4,0,0,0,1,3,47,1,1,2,1,1,1
82,0,18,3,1,0,0,0,0,0,0,0,0,0,1568,2,2,3,1,0,0,1,4,24,0,1,1,1,0,1
83,1,24,3,0,0,0,0,0,0,1,0,0,0,1755,1,4,4,1,0,1,0,4,58,1,1,1,1,1,1
84,1,10,3,0,0,0,0,0,0,0,1,0,0,2315,1,4,3,0,0,0,1,4,52,1,1,1,1,0,1
85,0,12,0,1,0,0,0,0,0,0,0,0,0,1412,1,2,4,1,0,1,0,2,29,1,2,3,1,1,1
86,2,18,0,0,0,0,0,0,1,0,0,0,0,1295,1,1,4,1,0,0,1,1,27,1,2,2,1,0,1
87,2,36,3,0,0,0,0,1,0,0,0,0,0,12612,2,2,1,0,0,0,1,4,47,2,1,2,2,1,1
88,1,18,3,0,1,0,0,0,0,0,0,0,0,2249,2,3,4,0,0,0,1,3,30,1,1,3,2,1,1
89,1,12,2,0,0,0,0,0,0,0,0,1,0,1108,1,3,4,0,0,0,1,3,28,1,2,2,1,0,1
90,0,12,0,0,0,0,0,0,0,0,1,0,0,618,1,4,4,0,0,0,1,4,56,1,1,2,1,0,1
91,1,12,0,0,0,1,0,0,0,0,0,0,0,1409,1,4,4,0,0,0,1,3,54,1,1,2,1,0,1
92,0,12,0,0,0,0,0,0,0,0,1,0,0,797,0,4,4,1,0,0,1,3,33,1,1,1,2,0,1
93,3,24,0,0,0,0,0,0,1,0,0,0,0,3617,0,4,4,0,1,0,0,4,20,0,2,2,1,0,1
94,2,12,3,0,1,0,0,0,0,0,0,0,0,1318,4,4,4,0,0,0,1,4,54,1,1,2,1,1,1
95,2,54,2,1,0,0,0,0,0,0,0,0,0,15945,1,1,3,0,0,0,1,4,58,0,1,2,1,1,1
96,0,12,0,0,0,0,0,1,0,0,0,0,0,2012,0,3,4,1,0,0,1,2,61,1,1,2,1,0,1
97,2,18,3,1,0,0,0,0,0,0,0,0,0,2622,2,2,4,0,0,0,1,4,34,1,1,2,1,0,1
98,2,36,0,0,0,0,0,0,0,0,1,0,0,2337,1,4,4,0,0,0,1,4,36,1,1,2,1,0,1
99,2,20,1,0,0,1,0,0,0,0,0,0,0,7057,0,3,3,0,0,0,1,4,36,0,2,3,2,1,1
100,0,24,3,0,1,0,0,0,0,0,0,0,0,1469,2,4,4,0,0,0,1,4,41,0,1,1,1,0,1
101,2,36,3,0,0,0,0,0,0,0,1,0,0,2323,1,3,4,0,0,0,1,4,24,0,1,2,1,0,1
102,0,6,1,0,0,0,0,0,0,0,1,0,0,932,1,2,3,1,0,0,1,2,24,1,1,2,1,0,1
103,2,9,0,0,0,0,0,0,1,0,0,0,0,1919,1,3,4,0,0,0,1,3,35,0,1,2,1,1,1
104,0,12,3,0,0,1,0,0,0,0,0,0,0,2445,0,1,2,0,0,0,1,4,26,0,1,2,1,1,1
105,2,24,0,0,0,0,0,0,0,1,0,0,0,11938,1,2,2,0,1,0,0,3,39,1,2,3,2,1,1
106,0,18,4,0,1,0,0,0,0,0,0,0,0,6458,1,4,2,0,0,0,1,4,39,1,2,3,2,1,1
107,2,12,3,0,1,0,0,0,0,0,0,0,0,6078,1,3,2,0,0,0,1,2,32,1,1,2,1,0,1
108,1,24,3,0,0,0,0,0,1,0,0,0,0,7721,0,1,1,1,0,0,1,2,30,1,1,2,1,1,0
109,2,14,3,1,0,0,0,0,0,0,0,0,0,1410,3,4,1,0,0,0,1,2,35,1,1,2,1,1,1
110,2,6,1,1,0,0,0,0,0,0,0,0,0,1449,2,4,1,0,0,0,1,2,31,1,2,2,2,0,1
111,3,15,3,0,0,0,0,1,0,0,0,0,0,392,1,1,4,1,0,0,1,4,23,0,1,2,1,1,1
112,2,18,3,0,1,0,0,0,0,0,0,0,0,6260,1,3,3,0,0,0,1,3,28,0,1,1,1,0,1
113,0,36,0,0,1,0,0,0,0,0,0,0,0,7855,1,2,4,1,0,0,1,2,25,1,2,2,1,1,1
114,1,12,3,0,0,0,0,0,0,0,1,0,0,1680,3,4,3,0,0,0,1,1,35,1,1,2,1,0,1
115,0,48,0,0,0,0,0,0,0,0,1,0,0,3578,0,4,4,0,0,0,1,1,47,1,1,2,1,1,1
116,1,42,3,0,0,0,0,0,0,0,1,0,0,7174,0,3,4,1,0,0,1,3,30,1,1,3,1,1,1
117,1,10,0,0,0,0,0,0,1,0,0,0,0,2132,0,1,2,1,1,0,0,3,27,0,2,2,1,0,0
118,1,33,0,0,0,0,0,0,1,0,0,0,0,4281,3,2,1,1,0,0,1,4,23,1,2,2,1,0,1
119,2,12,0,0,1,0,0,0,0,0,0,0,0,2366,3,3,3,0,0,0,1,3,36,1,1,3,1,1,1
120,1,21,3,0,0,0,0,0,0,0,1,0,0,1835,1,2,3,1,0,0,1,2,25,1,2,2,1,1,1
121,0,24,0,0,0,1,0,0,0,0,0,0,0,3868,1,4,4,1,0,0,1,2,41,0,2,3,1,1,1
122,0,12,3,0,0,0,0,0,1,0,0,0,0,1768,1,2,3,0,0,0,1,2,24,0,1,1,1,0,1
123,3,10,0,0,1,0,0,0,0,0,0,0,0,781,1,4,4,0,0,0,1,4,63,2,2,2,1,1,1
124,2,18,3,0,0,0,0,0,1,0,0,0,0,1924,0,1,4,1,0,0,1,3,27,0,1,2,1,0,1
125,1,12,0,0,1,0,0,0,0,0,0,0,0,2121,1,2,4,0,0,0,1,2,30,1,2,2,1,0,1
126,1,12,3,0,0,0,0,0,0,0,1,0,0,701,1,2,4,0,0,0,1,2,40,1,1,1,1,0,1
127,2,12,3,0,0,0,0,0,0,0,0,1,0,639,1,2,4,0,0,0,1,2,30,1,1,2,1,0,1
128,2,12,0,0,0,1,0,0,0,0,0,0,0,1860,1,0,4,0,0,0,1,2,34,1,2,3,1,1,1
129,1,12,0,0,1,0,0,0,0,0,0,0,0,3499,1,2,3,1,1,0,0,2,29,1,2,2,1,0,1
130,2,48,3,0,1,0,0,0,0,0,0,0,0,8487,0,3,1,1,0,0,1,2,24,1,1,2,1,0,1
131,1,36,1,0,0,0,0,1,0,0,0,0,0,6887,1,2,4,0,0,0,1,3,29,1,1,2,1,1,1
132,0,15,3,0,0,0,0,0,1,0,0,0,0,2708,1,1,2,0,0,0,1,3,27,1,2,1,1,0,1
133,0,18,3,0,0,0,0,0,1,0,0,0,0,1984,1,2,4,0,0,0,1,4,47,2,2,2,1,0,1
134,0,60,3,0,0,0,0,0,0,0,1,0,0,10144,2,3,2,1,0,0,1,4,21,1,1,2,1,1,1
135,0,12,0,0,0,0,0,0,0,0,1,0,0,1240,0,4,4,1,0,0,1,2,38,1,2,2,1,1,1
136,0,27,1,0,0,1,0,0,0,0,0,0,0,8613,4,2,2,0,0,0,1,2,27,1,2,2,1,0,1
137,2,12,3,0,0,0,0,0,0,0,1,0,0,766,3,2,4,0,0,0,1,3,66,1,1,1,1,0,1
138,2,15,0,0,0,0,0,0,0,0,1,0,0,2728,0,3,4,0,0,1,0,2,35,1,3,2,1,1,1
139,3,12,3,0,0,0,0,0,0,0,1,0,0,1881,1,2,2,1,0,0,1,2,44,0,1,1,1,1,1
140,3,6,3,0,1,0,0,0,0,0,0,0,0,709,4,1,2,0,0,0,1,2,27,1,1,0,1,0,0
141,2,36,3,0,0,0,0,0,0,0,1,0,0,4795,1,1,4,1,0,0,1,1,30,1,1,3,1,1,1
142,1,27,3,0,0,0,0,0,0,0,1,0,0,3416,1,2,3,0,0,0,1,2,27,1,1,3,1,0,1
143,1,18,3,0,0,0,0,0,1,0,0,0,0,2462,1,2,2,0,0,0,1,2,22,1,1,2,1,0,1
144,0,21,0,0,0,0,0,0,1,0,0,0,0,2288,1,1,4,1,0,0,1,4,23,1,1,2,1,1,1
145,2,48,4,1,0,0,0,0,0,0,0,0,0,3566,2,3,4,0,0,0,1,2,30,1,1,2,1,0,1
146,1,6,0,0,1,0,0,0,0,0,0,0,0,860,1,4,1,1,0,0,1,4,39,1,2,2,1,1,1
147,0,12,0,0,1,0,0,0,0,0,0,0,0,682,2,3,4,1,0,0,1,3,51,1,2,2,1,1,1
148,1,36,0,0,0,0,0,0,1,0,0,0,0,5371,1,2,3,0,0,1,0,2,28,1,2,2,1,0,1
149,0,18,0,0,0,0,0,0,0,0,1,0,0,1582,4,4,4,0,0,0,1,4,46,1,2,2,1,0,1
150,0,6,3,0,0,0,0,0,0,0,1,0,0,1346,2,4,2,0,0,0,1,4,42,2,1,2,2,1,1
151,0,10,3,0,0,0,0,0,0,0,1,0,0,1924,1,2,1,0,0,0,1,4,38,1,1,2,1,1,0
152,3,36,3,0,0,0,0,0,0,0,1,0,0,5848,1,2,4,0,0,0,1,1,24,1,1,2,1,0,1
153,2,24,0,0,0,1,0,0,0,0,0,0,0,7758,4,4,2,1,0,0,1,4,29,0,1,2,1,0,1
154,2,24,1,1,0,0,0,0,0,0,0,0,0,6967,2,3,4,0,0,0,1,4,36,0,1,3,1,1,1
155,1,12,3,0,0,0,0,0,1,0,0,0,0,1282,1,2,2,1,0,0,1,4,20,0,1,2,1,0,1
156,1,9,0,0,0,0,0,0,0,0,0,1,0,1288,2,4,3,0,0,1,0,4,48,1,2,2,2,0,0
157,1,12,4,0,0,0,0,0,0,0,0,0,1,339,1,4,4,0,0,0,1,1,45,1,1,1,1,0,1
158,2,24,3,0,1,0,0,0,0,0,0,0,0,3512,2,3,2,0,0,0,1,3,38,1,2,2,1,1,1
159,0,6,0,0,0,0,0,0,0,0,1,0,0,1898,0,2,1,0,0,0,1,2,34,1,2,1,2,0,1
160,0,24,0,0,0,0,0,0,0,0,1,0,0,2872,2,4,3,0,0,0,1,4,36,1,1,2,2,1,1
161,0,18,0,0,1,0,0,0,0,0,0,0,0,1055,1,1,4,1,0,0,1,1,30,1,2,2,1,0,1
162,0,15,3,0,0,0,1,0,0,0,0,0,0,1262,3,3,4,0,0,0,1,3,36,1,2,2,1,1,1
163,2,10,3,0,1,0,0,0,0,0,0,0,0,7308,1,0,2,0,0,0,1,4,70,2,1,3,1,1,1
164,0,36,3,0,1,0,0,0,0,0,0,0,0,909,3,4,4,0,0,0,1,4,36,1,1,2,1,0,1
165,0,6,3,0,0,0,0,0,1,0,0,0,0,2978,3,2,1,0,0,0,1,2,32,1,1,2,1,1,1
166,1,18,3,0,0,0,0,0,1,0,0,0,0,1131,1,0,4,1,0,0,1,2,33,1,1,2,1,0,1
167,2,11,3,0,0,0,0,0,1,0,0,0,0,1577,4,1,4,1,0,0,1,1,20,1,1,2,1,0,1
168,0,24,3,0,0,0,0,0,1,0,0,0,0,3972,1,3,2,1,0,0,1,4,25,0,1,2,1,1,1
169,2,24,0,1,0,0,0,0,0,0,0,0,0,1935,1,4,4,0,0,0,1,4,31,1,2,2,1,1,1
170,1,15,2,0,1,0,0,0,0,0,0,0,0,950,1,4,4,0,0,0,1,3,33,0,2,2,2,0,1
171,0,12,3,0,0,0,0,0,1,0,0,0,0,763,1,2,4,1,0,0,1,1,26,1,1,2,1,1,1
172,2,24,1,0,0,0,0,0,1,0,0,0,0,2064,1,0,3,1,0,0,1,2,34,1,1,3,1,1,1
173,2,8,3,0,0,0,0,0,0,0,1,0,0,1414,1,2,4,0,0,1,0,2,33,1,1,2,1,0,0
174,1,21,1,0,0,0,0,1,0,0,0,0,0,3414,1,1,2,0,0,0,1,1,26,1,2,2,1,0,1
175,0,30,4,0,0,1,0,0,0,0,0,0,0,7485,0,0,4,1,0,0,1,1,53,1,1,3,1,1,1
176,1,12,3,0,0,0,0,0,1,0,0,0,0,2577,1,2,2,0,0,0,1,1,42,1,1,2,1,0,1
177,1,6,0,0,0,0,0,0,0,0,1,0,0,338,3,4,4,0,0,0,1,4,52,1,2,2,1,0,1
178,0,12,3,0,0,0,0,0,0,0,1,0,0,1963,1,3,4,0,0,0,1,2,31,0,2,3,2,1,1
179,1,21,0,0,1,0,0,0,0,0,0,0,0,571,1,4,4,0,0,0,1,4,65,1,2,2,1,0,1
180,0,36,1,1,0,0,0,0,0,0,0,0,0,9572,1,1,1,0,0,0,1,1,28,1,2,2,1,0,1
181,2,36,1,1,0,0,0,0,0,0,0,0,0,4455,1,2,2,0,0,0,1,2,30,1,2,3,1,1,1
182,1,21,4,0,1,0,0,0,0,0,0,0,0,1647,0,2,4,0,0,0,1,2,40,1,2,1,2,0,1
183,0,24,0,0,0,0,0,0,1,0,0,0,0,3777,4,2,4,0,0,0,1,4,50,1,1,2,1,1,1
184,2,18,0,0,1,0,0,0,0,0,0,0,0,884,1,4,4,0,0,0,1,4,36,1,1,2,2,1,1
185,0,15,0,0,0,0,0,0,0,0,1,0,0,1360,1,2,4,0,0,0,1,2,31,1,2,2,1,0,1
186,2,9,4,0,0,1,0,0,0,0,0,0,0,5129,1,4,2,1,0,0,1,4,74,2,1,3,2,1,1
187,2,16,0,0,1,0,0,0,0,0,0,0,0,1175,1,0,2,0,0,0,1,3,68,2,3,0,1,1,1
188,1,12,3,0,0,0,0,0,0,0,1,0,0,674,2,3,4,0,0,0,1,1,20,1,1,2,1,0,1
189,2,18,2,0,0,0,0,0,1,0,0,0,0,3244,1,2,1,1,0,0,1,4,33,1,2,2,1,1,1
190,0,24,3,1,0,0,0,0,0,0,0,0,0,4591,4,2,2,0,0,0,1,3,54,1,3,3,1,1,1
191,2,48,2,1,0,0,0,0,0,0,0,0,0,3844,2,3,4,0,0,0,1,4,34,2,1,1,2,0,1
192,2,27,3,1,0,0,0,0,0,0,0,0,0,3915,1,2,4,0,0,0,1,2,36,1,1,2,2,1,1
193,0,6,3,0,0,0,0,0,0,0,1,0,0,2108,1,3,2,0,0,0,1,2,29,0,1,2,1,0,1
194,2,45,3,0,0,0,0,0,0,0,1,0,0,3031,2,2,4,0,0,1,0,4,21,0,1,2,1,0,1
195,2,9,0,0,0,0,0,1,0,0,0,0,0,1501,1,4,2,1,0,0,1,3,34,1,2,3,1,1,1
196,0,6,0,0,0,0,0,0,0,0,1,0,0,1382,1,2,1,1,0,0,1,1,28,1,2,2,1,1,1
197,2,12,3,0,0,0,0,0,1,0,0,0,0,951,2,1,4,1,0,0,1,4,27,0,4,2,1,0,1
198,2,24,3,0,0,1,0,0,0,0,0,0,0,2760,0,4,4,0,0,0,1,4,36,2,1,2,1,1,1
199,2,18,1,0,0,0,0,0,1,0,0,0,0,4297,1,4,4,0,0,0,1,3,40,1,1,3,1,1,1
200,0,9,0,0,0,0,0,1,0,0,0,0,0,936,3,4,4,0,0,0,1,2,52,1,2,2,1,1,1
201,1,12,3,0,1,0,0,0,0,0,0,0,0,1168,1,2,4,0,0,0,1,3,27,1,1,1,1,0,1
202,0,27,1,1,0,0,0,0,0,0,0,0,0,5117,1,3,3,0,0,0,1,4,26,1,2,2,1,0,1
203,1,12,3,0,0,0,0,0,0,0,0,0,1,902,1,3,4,0,0,0,1,4,21,0,1,2,1,0,1
204,0,12,0,0,1,0,0,0,0,0,0,0,0,1495,1,4,4,0,0,0,1,1,38,1,2,1,2,0,1
205,1,30,0,0,0,1,0,0,0,0,0,0,0,10623,1,4,3,0,0,0,1,4,38,2,3,3,2,1,1
206,0,12,0,0,0,0,0,0,1,0,0,0,0,1935,1,4,4,0,0,0,1,4,43,1,3,2,1,1,1
207,2,12,0,0,0,0,1,0,0,0,0,0,0,1424,1,3,4,0,0,0,1,3,26,1,1,2,1,0,1
208,1,24,3,1,0,0,0,0,0,0,0,0,0,6568,1,2,2,0,0,0,1,2,21,1,1,1,1,0,1
209,0,12,3,0,0,1,0,0,0,0,0,0,0,1413,4,3,3,0,0,0,1,2,55,1,1,2,1,0,0
210,0,9,0,0,0,0,0,0,0,0,1,0,0,3074,0,2,1,0,0,0,1,2,33,1,2,2,2,0,1
211,0,36,3,0,0,0,0,0,0,0,1,0,0,3835,0,4,2,1,0,0,1,4,45,1,1,1,1,1,1
212,1,27,2,1,0,0,0,0,0,0,0,0,0,5293,1,0,2,0,0,0,1,4,50,1,2,2,1,1,1
213,3,30,1,1,0,0,0,0,0,0,0,0,0,1908,1,4,4,0,0,0,1,4,66,1,1,3,1,1,1
214,0,36,0,0,0,0,0,0,0,0,1,0,0,3342,0,4,4,0,0,0,1,2,51,1,1,2,1,1,1
215,2,6,0,0,0,0,0,0,0,0,0,0,1,932,0,3,1,1,0,0,1,3,39,1,2,1,1,0,1
216,1,18,2,1,0,0,0,0,0,0,0,0,0,3104,1,3,3,0,0,0,1,1,31,1,1,2,1,1,1
217,3,36,3,0,0,0,0,0,0,0,1,0,0,3913,1,2,2,0,0,0,1,2,23,1,1,2,1,1,1
218,1,24,3,0,0,0,0,0,1,0,0,0,0,3021,1,2,2,0,0,0,1,2,24,0,1,1,1,0,1
219,0,10,3,0,1,0,0,0,0,0,0,0,0,1364,1,2,2,1,0,0,1,4,64,1,1,2,1,1,1
220,2,12,3,0,0,0,0,0,0,0,1,0,0,625,1,1,4,0,0,1,0,1,26,1,1,1,1,0,1
221,1,12,3,0,0,0,0,1,0,0,0,0,0,1200,0,2,4,1,0,0,1,4,23,0,1,2,1,1,1
222,0,12,3,0,0,0,0,0,0,0,1,0,0,707,1,2,4,0,0,0,1,2,30,1,2,2,1,0,1
223,0,24,1,1,0,0,0,0,0,0,0,0,0,2978,0,2,4,0,0,0,1,4,32,1,2,2,2,1,1
224,0,15,3,0,0,1,0,0,0,0,0,0,0,4657,1,2,3,0,0,0,1,2,30,1,1,2,1,1,1
225,0,36,2,0,0,0,0,0,0,0,0,1,0,2613,1,2,4,0,0,0,1,2,27,1,2,2,1,0,1
226,2,48,3,0,0,0,0,0,0,0,1,0,0,10961,4,3,1,0,1,0,0,2,27,1,2,2,1,1,1
227,1,12,3,0,0,0,0,0,1,0,0,0,0,7865,1,4,4,0,0,0,1,4,53,2,1,3,1,1,1
228,0,9,3,0,0,0,0,0,0,0,1,0,0,1478,1,3,4,0,0,0,1,2,22,1,1,2,1,0,1
229,1,24,3,0,0,0,0,0,1,0,0,0,0,3149,1,1,4,0,0,0,1,1,22,2,1,2,1,0,1
230,3,36,3,0,0,0,0,0,0,0,1,0,0,4210,1,2,4,0,0,0,1,2,26,1,1,2,1,0,1
231,0,9,3,0,1,0,0,0,0,0,0,0,0,2507,3,4,2,0,0,0,1,4,51,2,1,1,1,0,1
232,0,12,3,0,0,0,0,0,0,0,1,0,0,2141,2,3,3,0,0,0,1,1,35,1,1,2,1,0,1
233,2,18,3,0,0,0,0,0,0,0,1,0,0,866,1,2,4,0,0,1,0,2,25,1,1,1,1,0,1
234,0,4,0,0,0,0,0,0,0,0,1,0,0,1544,1,3,2,0,0,0,1,1,42,1,3,1,2,0,1
235,1,24,3,0,0,0,0,0,0,0,1,0,0,1823,1,0,4,0,0,0,1,2,30,1,1,3,2,0,1
236,2,6,3,0,1,0,0,0,0,0,0,0,0,14555,0,0,1,0,0,0,1,2,23,1,1,0,1,1,1
237,2,21,3,1,0,0,0,0,0,0,0,0,0,2767,2,4,4,0,0,0,1,2,61,0,2,1,1,0,1
238,0,12,0,0,0,0,0,0,0,0,1,0,0,1291,1,2,4,1,0,0,1,2,35,1,2,2,1,0,1
239,1,30,3,0,0,0,0,0,0,0,1,0,0,2522,1,4,1,0,0,1,0,3,39,1,1,2,2,0,1
240,1,24,3,0,1,0,0,0,0,0,0,0,0,915,0,4,4,1,0,0,1,2,29,1,1,2,1,0,1
241,0,6,3,0,0,0,0,0,0,0,1,0,0,1595,1,3,3,0,0,0,1,2,51,1,1,2,2,0,1
242,1,48,2,0,0,1,0,0,0,0,0,0,0,4605,1,4,3,0,0,0,1,4,24,2,2,2,2,0,1
243,0,12,0,1,0,0,0,0,0,0,0,0,0,1185,1,2,3,1,0,0,1,2,27,1,2,2,1,0,1
244,0,12,4,0,0,0,0,0,0,0,0,0,1,3447,3,2,4,1,0,0,1,3,35,1,1,1,2,0,1
245,0,24,3,1,0,0,0,0,0,0,0,0,0,1258,1,3,4,0,0,0,1,1,25,1,1,2,1,1,1
246,0,12,0,0,0,0,0,0,0,0,1,0,0,717,1,4,4,0,0,0,1,4,52,1,3,2,1,0,1
247,0,6,2,0,1,0,0,0,0,0,0,0,0,1204,2,2,4,0,0,0,1,1,35,0,1,2,1,0,0
248,3,24,3,0,0,0,0,0,1,0,0,0,0,1925,1,2,2,0,0,0,1,2,26,1,1,2,1,0,1
249,0,18,3,0,0,0,0,0,0,0,1,0,0,433,1,0,3,1,1,0,0,4,22,0,1,2,1,0,1
250,1,6,0,0,1,0,0,0,0,0,0,0,0,666,4,3,3,1,0,0,1,4,39,1,2,1,1,1,1
251,3,12,3,0,0,0,0,0,1,0,0,0,0,2251,1,2,1,1,0,0,1,2,46,1,1,1,1,0,1
252,2,30,3,0,1,0,0,0,0,0,0,0,0,2150,1,2,4,1,0,1,0,2,24,1,1,2,1,0,1
253,0,24,1,0,0,0,0,0,1,0,0,0,0,4151,2,2,2,0,0,0,1,3,35,1,2,2,1,0,1
254,2,9,3,0,0,0,0,0,1,0,0,0,0,2030,0,3,2,0,0,0,1,1,24,1,1,2,1,1,1
255,2,60,1,0,0,0,0,0,0,0,1,0,0,7418,0,2,1,0,0,0,1,1,27,1,1,1,1,0,1
256,0,24,0,0,0,0,0,0,0,0,1,0,0,2684,1,2,4,0,0,0,1,2,35,1,2,1,1,0,1
257,1,12,4,0,0,0,0,0,0,0,1,0,0,2149,1,2,4,0,0,0,1,1,29,2,1,2,1,0,1
258,0,15,3,0,0,1,0,0,0,0,0,0,0,3812,2,1,1,1,0,0,1,4,23,1,1,2,1,1,1
259,0,11,0,0,0,0,0,0,0,0,1,0,0,1154,2,0,4,1,0,0,1,4,57,1,3,1,1,0,1
260,1,12,3,0,0,0,0,0,1,0,0,0,0,1657,1,2,2,0,0,0,1,2,27,1,1,2,1,0,1
261,1,24,3,0,0,0,0,0,0,0,1,0,0,1603,1,4,4,1,0,0,1,4,55,1,1,2,1,0,1
262,1,18,0,0,1,0,0,0,0,0,0,0,0,5302,1,4,2,0,0,0,1,4,36,2,3,3,1,1,1
263,0,12,0,0,0,0,0,1,0,0,0,0,0,2748,1,4,2,1,0,0,1,4,57,2,3,1,1,0,1
264,0,10,0,0,1,0,0,0,0,0,0,0,0,1231,1,4,3,0,0,0,1,4,32,1,2,1,2,0,0
265,2,15,3,0,0,0,0,0,0,0,1,0,0,802,1,4,4,0,0,0,1,3,37,1,1,2,2,0,1
266,0,36,0,1,0,0,0,0,0,0,0,0,0,6304,0,4,4,0,0,0,1,4,36,1,2,2,1,0,1
267,0,24,3,0,0,0,0,0,0,0,1,0,0,1533,1,1,4,1,0,0,1,3,38,1,1,2,1,1,1
268,1,14,3,0,1,0,0,0,0,0,0,0,0,8978,1,4,1,0,0,0,1,4,45,1,1,3,1,1,0
269,0,24,3,0,0,0,0,0,0,0,1,0,0,999,0,4,4,0,0,0,1,2,25,1,2,2,1,0,1
270,0,18,3,0,1,0,0,0,0,0,0,0,0,2662,0,3,4,0,0,0,1,3,32,1,1,2,1,0,0
271,0,12,0,0,0,0,0,0,1,0,0,0,0,1402,3,3,3,1,0,0,1,4,37,0,1,2,1,1,1
272,2,48,4,0,1,0,0,0,0,0,0,0,0,12169,0,0,4,0,1,0,0,4,36,2,1,3,1,1,1
273,2,48,3,0,0,0,0,0,0,0,1,0,0,3060,1,3,4,0,0,0,1,4,28,1,2,2,1,0,1
274,1,30,3,0,0,0,0,0,0,0,0,1,0,11998,1,1,1,0,0,0,1,1,34,1,1,1,1,1,1
275,0,9,3,0,0,0,0,0,0,0,1,0,0,2697,1,2,1,0,0,0,1,2,32,1,1,2,2,0,1
276,0,18,0,0,0,0,0,0,0,0,1,0,0,2404,1,2,2,1,0,0,1,2,26,1,2,2,1,0,1
277,1,12,3,0,0,0,0,0,1,0,0,0,0,1262,0,4,2,0,0,0,1,4,49,1,1,1,1,1,1
278,0,6,3,0,0,0,0,0,1,0,0,0,0,4611,1,1,1,1,0,0,1,4,32,1,1,2,1,0,1
279,0,24,3,0,0,0,0,0,0,0,1,0,0,1901,2,2,4,0,0,0,1,4,29,0,1,3,1,1,1
280,0,15,0,0,0,1,0,0,0,0,0,0,0,3368,4,4,3,0,0,0,1,4,23,0,2,2,1,1,1
281,0,12,3,0,0,0,0,0,1,0,0,0,0,1574,1,2,4,0,0,0,1,2,50,1,1,2,1,0,1
282,3,18,4,0,0,0,0,0,0,0,1,0,0,1445,0,3,4,0,0,0,1,4,49,1,1,1,1,0,1
283,0,15,0,0,0,0,0,0,1,0,0,0,0,1520,0,4,4,0,0,0,1,4,63,1,1,2,1,0,1
284,2,24,0,0,1,0,0,0,0,0,0,0,0,3878,2,1,4,0,0,0,1,2,37,1,1,2,1,1,1
285,1,47,3,0,1,0,0,0,0,0,0,0,0,10722,1,1,1,1,0,0,1,1,35,1,1,1,1,1,1
286,1,48,3,0,0,1,0,0,0,0,0,0,0,4788,1,3,4,0,0,0,1,3,26,1,1,2,2,0,1
287,2,48,1,0,0,0,0,0,0,1,0,0,0,7582,2,0,2,0,0,0,1,4,31,2,1,3,1,1,1
288,2,12,3,0,0,0,0,0,0,0,1,0,0,1092,1,2,4,1,0,1,0,4,49,1,2,2,1,1,1
289,1,24,1,0,0,0,0,0,0,0,1,0,0,1024,1,1,4,0,0,0,1,4,48,1,1,2,1,0,1
290,0,12,3,1,0,0,0,0,0,0,0,0,0,1076,1,2,2,0,0,0,1,2,26,1,1,2,1,1,0
291,2,36,3,0,0,1,0,0,0,0,0,0,0,9398,1,1,1,0,0,0,1,4,28,0,1,3,1,1,1
292,1,24,0,0,0,1,0,0,0,0,0,0,0,6419,1,4,2,1,0,0,1,4,44,2,2,3,2,1,1
293,3,42,0,0,0,1,0,0,0,0,0,0,0,4796,1,4,4,0,0,0,1,4,56,2,1,2,1,0,1
294,0,48,0,1,0,0,0,0,0,0,0,0,0,7629,0,4,4,0,0,0,1,2,46,1,2,3,2,0,1
295,2,48,3,0,0,0,0,0,1,0,0,0,0,9960,1,1,1,1,0,0,1,2,26,1,1,2,1,1,1
296,0,12,3,0,0,1,0,0,0,0,0,0,0,4675,0,1,1,1,0,0,1,4,20,0,1,2,1,0,1
297,0,10,3,0,1,0,0,0,0,0,0,0,0,1287,0,4,4,0,1,0,0,2,45,1,1,1,1,0,0
298,0,18,3,0,0,0,0,0,1,0,0,0,0,2515,1,2,3,0,0,0,1,4,43,1,1,2,1,1,1
299,2,21,0,0,0,0,0,0,1,0,0,0,0,2745,4,3,3,0,0,0,1,2,32,1,2,2,1,1,1
300,0,6,3,0,1,0,0,0,0,0,0,0,0,672,1,0,1,1,0,0,1,4,54,1,1,0,1,1,1
301,2,36,2,0,0,0,0,0,0,0,1,0,0,3804,1,2,4,1,0,0,1,1,42,1,1,2,1,1,1
302,3,24,0,0,1,0,0,0,0,0,0,0,0,1344,0,3,4,0,0,0,1,2,37,1,2,1,2,0,1
303,1,10,0,0,1,0,0,0,0,0,0,0,0,1038,1,3,4,0,1,0,0,3,49,1,2,2,1,1,1
304,0,48,0,0,1,0,0,0,0,0,0,0,0,10127,3,2,2,0,0,0,1,2,44,2,1,2,1,0,1
305,0,6,3,0,0,0,0,0,1,0,0,0,0,1543,4,2,4,0,0,0,1,2,33,1,1,2,1,0,1
306,0,30,3,0,0,1,0,0,0,0,0,0,0,4811,0,3,2,1,0,0,1,4,24,0,1,1,1,0,1
307,1,12,3,0,0,0,0,0,0,0,1,0,0,727,2,1,4,0,0,0,1,3,33,1,1,1,1,1,1
308,2,8,3,0,0,0,0,0,1,0,0,0,0,1237,1,2,3,1,0,0,1,4,24,1,1,2,1,0,1
309,2,9,3,0,1,0,0,0,0,0,0,0,0,276,1,2,4,0,0,0,1,4,22,0,1,1,1,0,1
310,2,48,3,0,0,0,0,0,0,1,0,0,0,5381,0,0,3,0,0,0,1,4,40,2,1,0,1,1,1
311,0,24,3,0,0,0,0,0,1,0,0,0,0,5511,2,2,4,0,0,0,1,1,25,1,1,2,1,0,1
312,3,24,3,0,0,0,0,0,1,0,0,0,0,3749,1,1,2,1,0,0,1,4,26,1,1,2,1,0,1
313,2,12,3,0,1,0,0,0,0,0,0,0,0,685,1,3,2,0,0,0,1,3,25,1,1,1,1,0,1
314,3,4,3,0,1,0,0,0,0,0,0,0,0,1494,0,1,1,0,0,0,1,2,29,1,1,1,2,0,0
315,1,36,4,0,0,0,0,0,1,0,0,0,0,2746,1,4,4,0,0,0,1,4,31,1,1,2,1,0,1
316,1,12,3,0,0,0,0,0,1,0,0,0,0,708,1,2,2,0,0,1,0,3,38,1,1,1,2,0,1
317,2,24,3,0,0,0,0,0,1,0,0,0,0,4351,0,2,1,1,0,0,1,4,48,1,1,1,1,1,1
318,0,12,0,0,0,0,0,1,0,0,0,0,0,701,1,2,4,0,0,0,1,2,32,1,2,2,1,0,1
319,1,15,1,0,0,0,0,0,1,0,0,0,0,3643,1,4,1,1,0,0,1,4,27,1,2,1,1,0,1
320,2,30,0,0,1,0,0,0,0,0,0,0,0,4249,1,0,4,0,0,0,1,2,28,1,2,3,1,0,1
321,1,24,3,0,0,0,0,0,0,0,1,0,0,1938,1,1,4,0,0,0,1,3,32,1,1,2,1,0,1
322,1,24,3,0,0,1,0,0,0,0,0,0,0,2910,1,3,2,0,0,0,1,1,34,2,1,3,1,1,1
323,1,18,3,0,0,0,0,0,1,0,0,0,0,2659,4,2,4,0,0,0,1,2,28,1,1,2,1,0,1
324,0,18,0,0,1,0,0,0,0,0,0,0,0,1028,1,2,4,1,0,0,1,3,36,1,2,2,1,0,1
325,1,8,0,0,1,0,0,0,0,0,0,0,0,3398,1,3,1,0,0,0,1,4,39,1,2,1,1,0,0
326,0,12,0,0,0,0,0,0,1,0,0,0,0,5801,0,4,2,0,0,0,1,4,49,0,1,2,1,1,1
327,0,24,3,0,1,0,0,0,0,0,0,0,0,1525,4,3,4,1,0,0,1,3,34,1,1,2,2,1,1
328,3,36,3,0,0,0,0,0,0,0,1,0,0,4473,1,4,4,0,0,0,1,2,31,1,1,2,1,0,1
329,2,6,3,0,0,0,0,0,0,0,1,0,0,1068,1,4,4,0,0,0,1,4,28,1,1,2,2,0,1
330,1,24,0,0,0,1,0,0,0,0,0,0,0,6615,1,0,2,0,0,0,1,4,75,2,2,3,1,1,1
331,0,18,0,0,0,0,0,1,0,0,0,0,0,1864,2,2,4,1,0,0,1,2,30,1,2,2,1,0,1
332,2,60,3,0,1,0,0,0,0,0,0,0,0,7408,2,1,4,1,0,0,1,2,24,1,1,3,1,0,1
333,0,48,0,0,0,1,0,0,0,0,0,0,0,11590,2,2,2,1,0,0,1,4,24,0,2,1,1,0,1
334,1,24,2,0,0,0,0,0,1,0,0,0,0,4110,1,4,3,0,0,0,1,4,23,0,2,2,2,0,1
335,1,6,0,0,0,0,0,0,1,0,0,0,0,3384,1,2,1,0,0,0,1,4,44,0,1,3,1,1,1
336,2,13,3,0,0,0,0,0,0,0,1,0,0,2101,1,1,2,1,0,1,0,4,23,1,1,1,1,0,1
337,1,15,3,0,0,0,1,0,0,0,0,0,0,1275,0,2,4,1,0,0,1,2,24,0,1,2,1,0,1
338,1,24,3,0,0,0,0,0,1,0,0,0,0,4169,1,2,4,0,0,0,1,4,28,1,1,2,1,0,1
339,2,10,3,0,0,0,0,0,1,0,0,0,0,1521,1,2,4,0,0,0,1,2,31,1,1,1,1,0,1
340,2,24,0,0,0,0,0,1,0,0,0,0,0,5743,1,1,2,1,0,0,1,4,24,2,2,2,1,1,1
341,1,21,3,0,0,0,0,0,1,0,0,0,0,3599,1,3,1,1,0,0,1,4,26,0,1,1,1,0,1
342,2,18,3,0,0,0,0,0,0,0,1,0,0,3213,3,1,1,0,0,0,1,3,25,0,1,2,1,0,1
343,2,18,3,1,0,0,0,0,0,0,0,0,0,4439,1,4,1,0,1,0,0,1,33,1,1,3,1,1,1
344,3,10,3,0,1,0,0,0,0,0,0,0,0,3949,1,1,1,0,0,1,0,1,37,1,1,1,2,0,1
345,0,15,0,0,0,0,0,0,0,0,1,0,0,1459,1,2,4,1,0,0,1,2,43,1,1,1,1,0,1
346,2,13,0,0,0,0,0,0,0,0,1,0,0,882,1,1,4,0,0,1,0,4,23,1,2,2,1,0,1
347,2,24,3,0,0,0,0,0,0,0,1,0,0,3758,3,0,1,1,0,0,1,4,23,0,1,0,1,0,1
348,0,6,1,1,0,0,0,0,0,0,0,0,0,1743,2,2,1,0,0,0,1,2,34,1,2,1,1,0,1
349,2,9,0,0,0,0,0,1,0,0,0,0,0,1136,4,4,4,0,0,0,1,3,32,2,2,2,2,0,1
350,0,9,3,0,0,0,1,0,0,0,0,0,0,1236,1,1,1,1,0,0,1,4,23,0,1,2,1,1,1
351,2,9,3,0,0,0,0,0,1,0,0,0,0,959,1,2,1,1,0,0,1,2,29,1,1,2,1,0,0
352,0,18,0,0,0,1,0,0,0,0,0,0,0,3229,0,0,2,0,0,0,1,4,38,1,1,3,1,1,1
353,1,12,2,0,0,0,0,0,0,0,1,0,0,6199,1,2,4,0,0,0,1,2,28,0,2,2,1,1,1
354,0,10,3,0,0,0,0,1,0,0,0,0,0,727,3,4,4,0,0,0,1,4,46,2,1,2,1,1,1
355,2,24,3,0,1,0,0,0,0,0,0,0,0,1246,1,1,4,0,0,0,1,2,23,1,1,1,1,0,1
356,0,12,0,0,0,0,0,0,0,0,1,0,0,2331,0,4,1,0,1,0,0,4,49,1,1,2,1,1,1
357,0,36,1,0,0,0,0,0,0,0,1,0,0,4463,1,2,4,0,0,0,1,2,26,1,2,3,1,1,1
358,0,12,3,0,0,0,0,0,0,0,1,0,0,776,1,2,4,0,0,0,1,2,28,1,1,2,1,0,1
359,1,30,3,0,0,0,0,0,1,0,0,0,0,2406,1,3,4,1,0,0,1,4,23,0,1,2,1,0,1
360,2,18,3,0,0,0,0,1,0,0,0,0,0,1239,0,2,4,0,0,0,1,4,61,2,1,2,1,0,1
361,3,12,3,0,0,0,0,0,0,0,1,0,0,3399,0,4,2,0,0,0,1,3,37,1,1,3,1,0,1
362,3,12,1,0,1,0,0,0,0,0,0,0,0,2247,1,2,2,1,0,0,1,2,36,1,2,2,1,1,1
363,0,6,3,0,0,0,0,0,1,0,0,0,0,1766,1,2,1,0,0,0,1,2,21,0,1,2,1,0,1
364,1,18,3,0,0,0,0,0,1,0,0,0,0,2473,1,0,4,0,0,0,1,1,25,1,1,0,1,0,1
365,0,12,3,1,0,0,0,0,0,0,0,0,0,1542,1,3,2,0,0,0,1,4,36,1,1,2,1,1,1
366,0,18,0,0,0,1,0,0,0,0,0,0,0,3850,1,3,3,0,0,0,1,1,27,1,2,2,1,0,1
367,1,18,3,0,0,0,0,0,1,0,0,0,0,3650,1,1,1,1,0,0,1,4,22,0,1,2,1,0,1
368,1,36,3,0,0,0,0,0,1,0,0,0,0,3446,1,4,4,0,0,0,1,2,42,1,1,2,2,0,1
369,2,18,3,0,0,0,0,0,1,0,0,0,0,3001,1,3,2,1,0,0,1,4,40,0,1,2,1,0,1
370,0,36,3,0,1,0,0,0,0,0,0,0,0,3079,0,2,4,0,0,0,1,4,36,1,1,2,1,0,1
371,0,18,0,0,0,0,0,0,0,0,1,0,0,6070,1,4,3,0,0,0,1,4,33,1,2,2,1,1,1
372,0,10,0,0,0,0,0,0,1,0,0,0,0,2146,1,1,1,1,0,0,1,3,23,0,2,2,1,0,1
373,0,60,0,0,1,0,0,0,0,0,0,0,0,13756,0,4,2,0,0,0,1,4,63,2,1,3,1,1,1
374,2,60,4,0,0,0,0,0,0,1,0,0,0,14782,2,4,3,1,0,0,1,4,60,2,2,3,1,1,1
375,1,48,4,1,0,0,0,0,0,0,0,0,0,7685,1,3,2,1,0,1,0,4,37,0,1,2,1,0,1
376,0,18,1,0,0,0,0,0,0,0,1,0,0,2320,1,0,2,0,0,0,1,3,34,1,2,2,1,0,1
377,0,7,1,0,0,0,0,0,0,0,1,0,0,846,0,4,3,0,0,0,1,4,36,2,1,2,1,0,1
378,2,36,3,0,1,0,0,0,0,0,0,0,0,14318,1,4,4,0,0,0,1,2,57,2,1,3,1,1,1
379,0,6,0,0,1,0,0,0,0,0,0,0,0,362,2,2,4,1,0,0,1,4,52,1,2,1,1,0,1
380,1,20,3,0,0,0,0,0,1,0,0,0,0,2212,0,3,4,0,0,0,1,4,39,1,1,2,1,1,1
381,2,18,3,0,0,1,0,0,0,0,0,0,0,12976,1,0,3,1,0,0,1,4,38,2,1,3,1,1,1
382,0,22,3,0,1,0,0,0,0,0,0,0,0,1283,0,3,4,1,0,0,1,4,25,0,1,2,1,0,1
383,3,12,3,0,1,0,0,0,0,0,0,0,0,1330,1,1,4,0,0,0,1,1,26,1,1,2,1,0,1
384,0,30,1,1,0,0,0,0,0,0,0,0,0,4272,2,2,2,0,0,0,1,2,26,1,2,1,1,0,1
385,0,18,0,0,0,0,0,0,0,0,1,0,0,2238,1,2,2,1,0,0,1,1,25,1,2,2,1,0,1
386,0,18,3,0,0,0,0,0,0,0,1,0,0,1126,0,1,4,1,0,0,1,2,21,0,1,2,1,1,1
387,2,18,0,0,0,0,0,0,1,0,0,0,0,7374,1,0,4,0,0,0,1,4,40,1,2,3,1,1,1
388,2,15,0,1,0,0,0,0,0,0,0,0,0,2326,3,2,2,0,0,0,1,4,27,1,1,2,1,0,1
389,0,9,3,1,0,0,0,0,0,0,0,0,0,1449,1,3,3,1,0,0,1,2,27,1,2,2,1,0,1
390,0,18,3,0,1,0,0,0,0,0,0,0,0,1820,1,2,2,0,0,0,1,2,30,1,1,3,1,1,1
391,2,12,3,0,0,0,0,0,1,0,0,0,0,983,4,1,1,1,0,0,1,4,19,0,1,1,1,0,1
392,1,36,3,0,1,0,0,0,0,0,0,0,0,3249,1,3,2,0,0,0,1,4,39,2,1,3,2,1,1
393,1,6,0,0,0,0,0,0,0,0,1,0,0,1957,1,3,1,1,0,0,1,4,31,1,1,2,1,0,1
394,0,9,0,0,0,0,0,0,1,0,0,0,0,2406,1,0,2,0,0,0,1,3,31,1,1,3,1,0,1
395,2,39,1,0,0,0,0,1,0,0,0,0,0,11760,2,3,2,0,0,0,1,3,32,0,1,2,1,1,1
396,1,12,3,0,0,0,0,0,1,0,0,0,0,2578,1,0,3,1,0,0,1,4,55,2,1,3,1,0,1
397,1,36,0,0,0,0,0,0,1,0,0,0,0,2348,1,2,3,0,0,0,1,2,46,1,2,2,1,1,1
398,2,12,3,0,1,0,0,0,0,0,0,0,0,1223,1,4,1,0,0,0,1,1,46,0,2,2,1,0,1
399,0,24,0,0,0,0,0,0,0,0,1,0,0,1516,4,2,4,1,0,0,1,1,43,1,2,1,1,0,1
400,0,18,3,0,0,0,0,0,0,0,1,0,0,1473,1,1,3,0,0,0,1,4,39,1,1,2,1,1,1
401,2,18,0,1,0,0,0,0,0,0,0,0,0,1887,0,2,4,0,0,0,1,4,28,1,2,2,1,0,1
402,0,24,1,1,0,0,0,0,0,0,0,0,0,8648,1,1,2,0,0,0,1,2,27,1,2,2,1,1,1
403,0,14,1,0,1,0,0,0,0,0,0,0,0,802,1,2,4,0,0,0,1,2,27,1,2,1,1,0,1
404,2,18,1,0,1,0,0,0,0,0,0,0,0,2899,0,4,4,0,0,0,1,4,43,1,1,2,2,0,1
405,2,24,3,0,0,0,0,0,0,0,1,0,0,2039,1,1,1,0,0,0,1,1,22,1,1,2,1,1,1
406,0,24,0,0,0,1,0,0,0,0,0,0,0,2197,0,3,4,0,0,0,1,4,43,1,2,2,2,1,1
407,1,15,3,0,0,0,0,0,0,0,1,0,0,1053,1,1,4,0,0,0,1,2,27,1,1,2,1,0,0
408,0,24,3,0,0,0,0,0,0,0,1,0,0,3235,3,4,3,0,0,0,1,2,26,1,1,3,1,1,1
409,3,12,0,0,1,0,0,0,0,0,0,0,0,939,3,3,4,0,0,0,1,2,28,1,3,2,1,1,1
410,2,24,3,0,0,0,0,0,0,0,1,0,0,1967,1,4,4,1,0,0,1,4,20,1,1,2,1,1,1
411,0,33,0,0,0,1,0,0,0,0,0,0,0,7253,1,3,3,0,0,0,1,2,35,1,2,3,1,1,1
412,0,12,0,1,0,0,0,0,0,0,0,0,0,2292,1,0,4,0,0,0,1,2,42,1,2,3,1,1,1
413,0,10,3,0,1,0,0,0,0,0,0,0,0,1597,3,2,3,0,0,0,1,2,40,0,1,1,2,0,0
414,1,24,3,0,1,0,0,0,0,0,0,0,0,1381,0,2,4,1,0,0,1,2,35,1,1,2,1,0,1
415,0,36,0,0,0,1,0,0,0,0,0,0,0,5842,1,4,2,0,0,0,1,2,35,1,2,2,2,1,1
416,1,12,3,0,1,0,0,0,0,0,0,0,0,2579,1,1,4,0,0,0,1,1,33,1,1,1,2,0,1
417,1,18,1,0,0,0,0,1,0,0,0,0,0,8471,0,2,1,1,0,0,1,2,23,0,2,2,1,1,1
418,0,21,3,0,1,0,0,0,0,0,0,0,0,2782,3,3,1,1,0,0,1,2,31,1,1,3,1,0,1
419,2,18,3,0,1,0,0,0,0,0,0,0,0,1042,0,2,4,1,0,0,1,2,33,1,1,2,1,0,1
420,0,15,3,0,1,0,0,0,0,0,0,0,0,3186,4,3,2,1,0,0,1,3,20,0,1,2,1,0,1
421,2,12,3,0,0,1,0,0,0,0,0,0,0,2028,0,2,4,0,0,0,1,2,30,1,1,2,1,0,1
422,2,12,0,0,1,0,0,0,0,0,0,0,0,958,1,3,2,0,0,0,1,3,47,1,2,1,2,0,1
423,0,21,1,0,0,0,0,0,1,0,0,0,0,1591,2,3,4,0,0,0,1,3,34,1,2,3,1,0,1
424,2,12,3,0,0,0,0,0,1,0,0,0,0,2762,0,4,1,1,0,0,1,2,25,1,1,2,1,1,1
425,2,18,3,0,0,1,0,0,0,0,0,0,0,2779,1,2,1,0,0,0,1,3,21,0,1,2,1,1,1
426,0,28,0,0,0,0,0,0,0,0,1,0,0,2743,1,4,4,0,0,0,1,2,29,1,2,2,1,0,1
427,0,18,0,0,0,0,0,0,0,0,1,0,0,1149,4,2,4,0,0,0,1,3,46,1,2,2,1,0,1
428,0,9,3,0,0,0,0,0,1,0,0,0,0,1313,1,4,1,0,0,0,1,4,20,1,1,2,1,0,1
429,1,18,0,0,0,0,0,0,0,0,0,1,0,1190,1,0,2,1,0,0,1,4,55,2,3,0,2,0,1
430,0,5,3,1,0,0,0,0,0,0,0,0,0,3448,1,3,1,0,0,0,1,4,74,1,1,1,1,0,1
431,2,24,3,0,0,0,0,0,0,1,0,0,0,11328,1,2,2,0,1,0,0,3,29,1,2,3,1,1,1
432,1,6,0,0,0,0,0,0,1,0,0,0,0,1872,1,0,4,0,0,0,1,4,36,2,3,3,1,1,1
433,0,24,0,0,0,0,0,0,0,0,0,1,0,2058,1,2,4,0,0,0,1,2,33,1,2,2,1,1,1
434,1,9,3,0,0,0,0,0,1,0,0,0,0,2136,1,2,3,0,0,0,1,2,25,1,1,2,1,0,1
435,2,12,3,0,0,0,0,0,0,0,1,0,0,1484,0,2,2,0,0,0,1,1,25,1,1,2,1,1,1
436,0,6,3,0,0,0,0,0,0,0,0,1,0,660,3,3,2,0,0,0,1,4,23,0,1,1,1,0,1
437,0,24,0,0,1,0,0,0,0,0,0,0,0,1287,4,4,4,1,0,0,1,4,37,1,2,2,1,1,1
438,1,42,0,0,0,0,0,0,0,0,0,1,0,3394,1,0,4,0,1,0,0,4,65,1,2,0,1,0,1
439,3,12,4,1,0,0,0,0,0,0,0,0,0,609,1,1,4,1,0,0,1,1,26,1,1,0,1,0,1
440,0,12,3,0,1,0,0,0,0,0,0,0,0,1884,1,4,4,0,0,0,1,4,39,1,1,3,1,1,1
441,1,12,3,0,0,0,0,0,1,0,0,0,0,1620,1,2,2,1,1,0,0,3,30,1,1,2,1,0,1
442,2,20,1,0,0,0,0,0,0,1,0,0,0,2629,1,2,2,0,0,0,1,3,29,1,2,2,1,1,1
443,0,12,3,0,0,0,0,1,0,0,0,0,0,719,1,4,4,0,0,0,1,4,41,1,1,1,2,0,1
444,2,48,0,0,0,0,0,0,1,0,0,0,0,5096,1,2,2,1,0,0,1,3,30,1,1,3,1,1,1
445,0,9,0,0,0,0,0,1,0,0,0,0,0,1244,0,4,4,1,0,0,1,4,41,0,2,1,1,0,1
446,1,36,3,0,1,0,0,0,0,0,0,0,0,1842,1,1,4,1,0,0,1,4,34,1,1,2,1,1,1
447,2,7,3,0,0,0,0,0,0,0,1,0,0,2576,1,2,2,0,0,1,0,2,35,1,1,2,1,0,1
448,3,12,3,0,0,0,0,0,1,0,0,0,0,1424,0,4,3,1,0,0,1,4,55,1,1,3,1,1,1
449,2,15,1,0,0,0,0,0,0,0,0,1,0,1512,4,2,3,0,0,0,1,3,61,1,2,2,1,0,1
450,0,36,0,0,0,1,0,0,0,0,0,0,0,11054,0,2,4,0,0,0,1,2,30,1,1,3,1,1,1
451,0,6,3,0,0,0,0,0,0,0,1,0,0,518,1,2,3,1,0,0,1,1,29,1,1,2,1,0,1
452,0,12,2,0,0,0,0,0,1,0,0,0,0,2759,1,4,2,0,0,0,1,4,34,1,2,2,1,0,1
453,0,24,3,0,0,1,0,0,0,0,0,0,0,2670,1,4,4,0,0,0,1,4,35,1,1,3,1,1,1
454,1,24,3,0,1,0,0,0,0,0,0,0,0,4817,1,3,2,0,1,0,0,3,31,1,1,2,1,1,1
455,0,24,3,0,0,1,0,0,0,0,0,0,0,2679,1,1,4,1,0,0,1,1,29,1,1,3,1,1,1
456,1,11,0,0,1,0,0,0,0,0,0,0,0,3905,1,2,2,0,0,0,1,2,36,0,2,2,2,0,1
457,1,12,3,0,0,1,0,0,0,0,0,0,0,3386,1,4,3,0,0,0,1,4,35,2,1,2,1,1,1
458,1,6,3,0,0,0,1,0,0,0,0,0,0,343,1,1,4,1,0,0,1,1,27,1,1,2,1,0,1
459,0,18,3,0,0,0,0,0,0,0,1,0,0,4594,1,1,3,0,0,0,1,2,32,1,1,2,1,1,1
460,1,36,3,0,0,0,0,0,1,0,0,0,0,3620,1,2,1,0,0,1,0,2,37,1,1,2,2,0,1
461,1,15,3,0,1,0,0,0,0,0,0,0,0,1721,1,1,2,0,0,0,1,3,36,1,1,2,1,0,1
462,2,12,3,0,0,0,0,0,1,0,0,0,0,3017,1,1,3,1,0,0,1,1,34,0,1,3,1,0,1
463,2,12,3,0,0,0,0,0,0,0,0,0,1,754,0,4,4,0,0,0,1,4,38,1,2,2,1,0,1
464,0,18,3,1,0,0,0,0,0,0,0,0,0,1950,1,3,4,0,0,0,1,1,34,1,2,2,1,1,1
465,1,24,3,0,0,1,0,0,0,0,0,0,0,2924,1,2,3,0,0,1,0,4,63,1,1,2,2,1,1
466,1,24,1,0,0,0,0,0,0,0,1,0,0,1659,1,1,4,1,0,0,1,2,29,0,1,1,1,1,1
467,0,48,1,0,0,0,0,0,0,0,1,0,0,7238,0,4,3,0,0,0,1,3,32,1,2,2,2,0,1
468,0,33,1,1,0,0,0,0,0,0,0,0,0,2764,1,2,2,1,0,0,1,2,26,1,2,2,1,1,1
469,0,24,1,0,0,1,0,0,0,0,0,0,0,4679,1,3,3,0,0,0,1,3,35,1,2,1,1,1,1
470,2,24,3,0,0,0,0,0,0,0,1,0,0,3092,2,1,3,0,0,0,1,2,22,0,1,2,1,1,1
471,1,6,3,0,0,0,0,1,0,0,0,0,0,448,1,1,4,1,0,0,1,4,23,1,1,2,1,0,1
472,1,9,3,0,1,0,0,0,0,0,0,0,0,654,1,2,4,0,0,0,1,3,28,1,1,1,1,0,1
473,0,6,3,0,0,0,0,0,0,0,0,0,1,1238,0,0,4,0,0,0,1,4,36,1,1,3,2,1,1
474,2,18,0,0,0,0,0,0,0,0,1,0,0,1245,1,2,4,0,0,0,1,2,33,1,1,2,1,0,1
475,1,18,2,0,0,0,0,0,1,0,0,0,0,3114,1,1,1,1,0,0,1,4,26,0,1,2,1,0,1
476,0,39,3,0,0,1,0,0,0,0,0,0,0,2569,3,2,4,0,0,0,1,4,24,1,1,2,1,0,1
477,3,24,3,0,0,0,0,0,0,0,1,0,0,5152,1,3,4,0,0,0,1,2,25,1,1,2,1,0,1
478,2,12,3,1,0,0,0,0,0,0,0,0,0,1037,2,3,3,0,0,0,1,4,39,1,1,1,1,0,1
479,1,15,0,0,0,0,0,0,1,0,0,0,0,1478,1,4,4,0,0,0,1,4,44,1,2,2,2,1,1
480,2,12,0,0,0,0,0,0,0,0,1,0,0,3573,1,2,1,1,0,0,1,1,23,1,1,1,1,0,1
481,2,24,3,0,1,0,0,0,0,0,0,0,0,1201,1,1,4,0,0,0,1,1,26,1,1,2,1,0,1
482,1,30,3,0,0,0,0,0,1,0,0,0,0,3622,4,4,4,1,0,0,1,4,57,0,2,2,1,1,1
483,0,15,1,0,0,0,0,0,1,0,0,0,0,960,4,3,3,1,0,0,1,2,30,1,2,2,1,0,1
484,0,12,0,0,1,0,0,0,0,0,0,0,0,1163,3,2,4,0,0,0,1,4,44,1,1,2,1,1,1
485,2,6,1,0,1,0,0,0,0,0,0,0,0,1209,1,0,4,0,0,0,1,4,47,1,1,3,1,1,1
486,0,12,3,0,0,0,0,0,0,0,1,0,0,3077,1,2,2,0,0,0,1,4,52,1,1,2,1,1,1
487,0,24,3,0,1,0,0,0,0,0,0,0,0,3757,1,4,4,1,1,0,0,4,62,2,1,2,1,1,1
488,0,10,3,0,1,0,0,0,0,0,0,0,0,1418,2,2,3,0,0,0,1,2,35,0,1,1,1,0,0
489,0,6,3,0,1,0,0,0,0,0,0,0,0,3518,1,2,2,0,0,1,0,3,26,0,1,2,1,0,1
490,0,12,0,0,0,0,0,0,0,0,1,0,0,1934,1,4,2,0,0,0,1,2,26,1,2,2,1,0,1
491,2,27,2,1,0,0,0,0,0,0,0,0,0,8318,1,4,2,1,0,0,1,4,42,2,2,3,1,1,1
492,0,6,0,0,0,0,0,0,0,0,1,0,0,1237,2,2,1,1,0,0,1,1,27,1,2,2,1,0,1
493,2,6,3,0,0,0,0,0,0,0,1,0,0,368,0,4,4,0,0,0,1,4,38,1,1,2,1,0,1
494,1,12,0,0,1,0,0,0,0,0,0,0,0,2122,1,2,3,0,0,0,1,2,39,0,2,1,2,0,0
495,1,24,3,0,0,0,0,0,1,0,0,0,0,2996,0,2,2,0,0,0,1,4,20,1,1,2,1,0,1
496,2,36,3,0,0,0,0,0,1,0,0,0,0,9034,2,1,4,0,1,0,0,1,29,0,1,3,1,1,1
497,0,24,0,0,0,0,0,0,1,0,0,0,0,1585,1,3,4,0,0,0,1,3,40,1,2,2,1,0,1
498,2,18,3,0,0,0,0,0,0,0,1,0,0,1301,1,4,4,0,0,1,0,2,32,1,1,1,1,0,1
499,3,6,0,0,1,0,0,0,0,0,0,0,0,1323,2,4,2,0,0,0,1,4,28,1,2,2,2,1,1
500,1,24,3,0,1,0,0,0,0,0,0,0,0,3123,1,1,4,1,0,0,1,1,27,1,1,2,1,0,1
501,1,36,3,0,0,1,0,0,0,0,0,0,0,5493,1,4,2,0,0,0,1,4,42,2,1,2,2,0,1
502,3,9,3,0,0,0,0,0,0,0,1,0,0,1126,2,4,2,0,0,0,1,4,49,1,1,2,1,0,1
503,2,24,0,0,0,0,0,0,0,0,1,0,0,1216,2,1,4,0,0,0,1,4,38,1,2,2,2,0,1
504,1,24,3,0,1,0,0,0,0,0,0,0,0,1207,1,1,4,1,0,0,1,4,24,0,1,2,1,0,1
505,0,10,3,0,1,0,0,0,0,0,0,0,0,1309,0,2,4,0,0,1,0,4,27,1,1,1,1,0,1
506,3,15,0,0,0,1,0,0,0,0,0,0,0,2360,3,2,2,0,0,0,1,2,36,1,1,2,1,1,1
507,2,15,4,0,1,0,0,0,0,0,0,0,0,6850,2,0,1,0,0,0,1,2,34,1,1,3,2,1,1
508,0,24,3,0,0,0,0,0,0,0,1,0,0,1413,1,2,4,0,0,0,1,2,28,1,1,2,1,0,1
509,0,39,3,0,0,1,0,0,0,0,0,0,0,8588,2,4,4,0,0,0,1,2,45,1,1,3,1,1,1
510,1,12,3,0,1,0,0,0,0,0,0,0,0,759,1,3,4,0,0,0,1,2,26,1,1,2,1,0,1
511,0,36,3,0,0,1,0,0,0,0,0,0,0,4686,1,2,2,0,0,0,1,2,32,2,1,3,1,1,1
512,3,15,3,1,0,0,0,0,0,0,0,0,0,2687,1,3,2,0,0,0,1,4,26,0,1,2,1,1,1
513,2,12,1,0,0,0,0,0,0,0,1,0,0,585,1,2,4,0,1,0,0,4,20,0,2,2,1,0,1
514,0,24,3,0,1,0,0,0,0,0,0,0,0,2255,0,1,4,0,0,0,1,1,54,1,1,2,1,0,1
515,1,6,0,0,1,0,0,0,0,0,0,0,0,609,1,3,4,1,0,0,1,3,37,1,2,2,1,0,0
516,1,6,0,0,1,0,0,0,0,0,0,0,0,1361,1,1,2,0,0,0,1,4,40,1,1,1,2,0,0
517,0,36,0,0,0,0,0,0,1,0,0,0,0,7127,1,1,2,1,0,0,1,4,23,0,2,2,1,1,1
518,1,6,3,0,1,0,0,0,0,0,0,0,0,1203,2,4,3,0,0,0,1,2,43,1,1,2,1,1,1
519,0,6,0,0,0,0,0,0,0,0,1,0,0,700,0,4,4,0,0,0,1,4,36,2,2,2,1,0,1
520,0,24,0,0,0,0,0,0,0,0,0,1,0,5507,1,4,3,0,0,0,1,4,44,2,2,2,1,0,1
521,1,18,3,0,0,0,0,0,0,0,1,0,0,3190,1,2,2,1,0,0,1,2,24,1,1,2,1,0,1
522,1,48,2,0,0,0,0,0,1,0,0,0,0,7119,1,2,3,0,0,0,1,4,53,2,2,2,2,0,1
523,0,24,3,0,0,1,0,0,0,0,0,0,0,3488,2,3,3,1,0,0,1,4,23,1,1,2,1,0,1
524,2,18,3,0,0,0,0,0,0,0,1,0,0,1113,1,2,4,1,0,1,0,4,26,1,1,1,2,0,1
525,2,26,3,0,0,1,0,0,0,0,0,0,0,7966,1,1,2,0,0,0,1,3,30,1,2,2,1,0,1
526,0,15,0,0,0,0,0,1,0,0,0,0,0,1532,2,2,4,1,0,0,1,3,31,1,1,2,1,0,1
527,0,4,0,0,0,0,0,0,0,0,1,0,0,1503,1,3,2,0,0,0,1,1,42,1,2,1,2,0,1
528,1,36,3,0,0,0,0,0,0,0,1,0,0,2302,1,2,4,0,0,0,1,4,31,0,1,2,1,0,1
529,1,6,3,0,1,0,0,0,0,0,0,0,0,662,1,1,3,0,0,0,1,4,41,1,1,1,2,1,1
530,2,36,3,0,0,0,0,1,0,0,0,0,0,2273,1,3,3,0,0,0,1,1,32,1,2,2,2,0,1
531,2,15,3,0,1,0,0,0,0,0,0,0,0,2631,2,2,2,1,0,0,1,4,28,0,2,2,1,1,1
532,0,12,1,0,0,1,0,0,0,0,0,0,0,1503,1,2,4,0,0,0,1,4,41,0,1,2,1,0,1
533,0,24,3,0,0,0,0,0,0,0,1,0,0,1311,2,3,4,0,0,0,1,3,26,1,1,2,1,1,1
534,0,24,3,0,0,0,0,0,0,0,1,0,0,3105,0,1,4,0,0,0,1,2,25,1,2,2,1,0,1
535,3,21,0,0,0,0,0,1,0,0,0,0,0,2319,1,1,2,0,0,0,1,1,33,0,1,2,1,0,1
536,1,6,3,0,1,0,0,0,0,0,0,0,0,1374,0,0,4,1,0,0,1,3,75,1,1,3,1,1,1
537,2,18,0,0,0,0,0,0,1,0,0,0,0,3612,1,4,3,1,0,0,1,4,37,1,1,2,1,1,1
538,1,48,3,0,1,0,0,0,0,0,0,0,0,7763,1,4,4,0,0,0,1,4,42,2,1,3,1,0,1
539,3,18,3,0,0,0,0,0,1,0,0,0,0,3049,1,1,1,1,0,0,1,1,45,1,1,1,1,0,1
540,2,12,3,0,0,0,0,0,0,0,1,0,0,1534,1,1,1,0,0,0,1,1,23,0,1,2,1,0,1
541,0,24,1,0,1,0,0,0,0,0,0,0,0,2032,1,4,4,0,0,0,1,4,60,2,2,2,1,1,1
542,1,30,3,0,0,0,0,0,1,0,0,0,0,6350,0,4,4,0,0,0,1,4,31,1,1,2,1,0,1
543,3,18,3,0,0,0,0,0,1,0,0,0,0,2864,1,2,2,0,0,0,1,1,34,1,1,1,2,0,1
544,0,12,0,0,1,0,0,0,0,0,0,0,0,1255,1,4,4,0,0,0,1,4,61,1,2,1,1,0,1
545,1,24,1,0,1,0,0,0,0,0,0,0,0,1333,1,0,4,0,0,0,1,2,43,2,2,2,2,0,1
546,0,24,0,0,1,0,0,0,0,0,0,0,0,2022,1,2,4,1,0,0,1,4,37,1,1,2,1,1,1
547,0,24,3,0,0,0,0,0,0,0,1,0,0,1552,1,3,3,0,0,0,1,1,32,1,1,2,2,0,1
548,1,12,4,0,0,0,0,0,0,0,1,0,0,626,1,2,4,1,0,0,1,4,24,1,1,1,1,0,1
549,0,48,0,0,0,1,0,0,0,0,0,0,0,8858,0,3,2,0,0,0,1,1,35,2,2,2,1,1,1
550,0,12,0,0,0,0,0,0,0,0,0,1,0,996,0,3,4,1,0,0,1,4,23,1,2,2,1,0,1
551,0,6,4,0,0,0,0,0,0,0,1,0,0,1750,3,4,2,0,0,0,1,4,45,1,1,1,2,0,1
552,1,48,3,0,0,0,0,0,0,0,1,0,0,6999,1,3,1,0,0,1,0,1,34,1,2,2,1,1,1
553,2,12,0,0,1,0,0,0,0,0,0,0,0,1995,2,1,4,0,0,0,1,1,27,1,1,2,1,0,1
554,2,9,3,0,0,0,0,1,0,0,0,0,0,1199,1,3,4,1,0,0,1,4,67,1,2,3,1,1,1
555,2,12,3,0,0,0,0,0,0,0,1,0,0,1331,1,1,2,0,0,0,1,1,22,1,1,2,1,0,1
556,2,18,2,0,1,0,0,0,0,0,0,0,0,2278,2,1,3,1,0,0,1,3,28,1,2,2,1,0,1
557,0,21,2,0,1,0,0,0,0,0,0,0,0,5003,0,2,1,1,0,0,1,4,29,1,2,2,1,1,1
558,1,24,4,0,0,0,0,0,1,0,0,0,0,3552,1,3,3,0,0,0,1,4,27,1,1,2,1,0,1
559,2,18,0,0,0,0,0,0,1,0,0,0,0,1928,1,1,2,0,0,0,1,2,31,1,2,1,1,0,1
560,1,24,3,0,0,1,0,0,0,0,0,0,0,2964,0,4,4,0,0,0,1,4,49,2,1,2,2,1,1
561,1,24,4,0,0,0,0,0,0,0,1,0,0,1546,1,3,4,0,0,1,0,4,24,0,1,1,1,0,1
562,3,6,1,0,0,0,0,0,0,0,1,0,0,683,1,1,2,1,0,0,1,1,29,1,1,2,1,0,1
563,2,36,3,0,1,0,0,0,0,0,0,0,0,12389,0,2,1,0,0,0,1,4,37,2,1,2,1,1,1
564,2,24,1,1,0,0,0,0,0,0,0,0,0,4712,0,2,4,0,0,0,1,2,37,1,2,3,1,1,1
565,2,24,1,0,0,0,0,0,0,0,1,0,0,1553,2,3,3,1,0,0,1,2,23,0,2,2,1,1,1
566,1,12,3,0,1,0,0,0,0,0,0,0,0,1372,1,3,2,0,0,0,1,3,36,1,1,2,1,0,1
567,0,24,0,0,0,0,0,0,0,0,1,0,0,2578,4,4,2,0,0,0,1,2,34,1,1,2,1,0,1
568,2,48,3,0,0,0,0,0,0,0,1,0,0,3979,0,3,4,0,0,0,1,1,41,1,2,2,2,1,1
569,1,48,3,0,0,0,0,0,0,0,1,0,0,6758,1,2,3,1,0,0,1,2,31,1,1,2,1,1,1
570,1,24,3,0,0,0,0,0,1,0,0,0,0,3234,1,1,4,1,0,0,1,4,23,0,1,1,1,1,1
571,0,30,0,0,0,0,0,0,0,0,1,0,0,5954,1,3,3,0,1,0,0,2,38,1,1,2,1,0,1
572,0,24,3,0,0,1,0,0,0,0,0,0,0,5433,0,0,2,1,0,0,1,4,26,0,1,3,1,1,1
573,1,15,3,1,0,0,0,0,0,0,0,0,0,806,1,2,4,1,0,0,1,4,22,1,1,1,1,0,1
574,2,9,3,0,0,0,0,0,0,0,1,0,0,1082,1,4,4,0,0,0,1,4,27,1,2,1,1,0,1
575,0,15,0,0,0,0,0,0,1,0,0,0,0,2788,1,3,2,1,1,0,0,3,24,1,2,2,1,0,1
576,2,12,3,0,0,0,0,0,0,0,1,0,0,2930,1,3,2,1,0,0,1,1,27,1,1,2,1,0,1
577,0,24,0,0,0,0,0,1,0,0,0,0,0,1927,0,2,3,1,0,0,1,2,33,1,2,2,1,1,1
578,2,36,0,0,1,0,0,0,0,0,0,0,0,2820,1,1,4,0,0,0,1,4,27,1,2,2,1,0,1
579,0,24,3,0,0,0,0,0,0,0,0,0,1,937,1,1,4,0,0,0,1,3,27,1,2,1,1,0,1
580,2,18,0,0,1,0,0,0,0,0,0,0,0,1056,1,4,3,0,0,1,0,3,30,1,2,2,1,0,1
581,2,12,0,0,1,0,0,0,0,0,0,0,0,3124,1,1,1,0,0,0,1,3,49,1,2,1,2,0,1
582,0,9,3,0,0,0,0,0,1,0,0,0,0,1388,1,2,4,1,0,0,1,2,26,0,1,2,1,0,1
583,2,36,3,0,0,0,0,0,0,0,0,1,0,2384,1,1,4,0,0,0,1,1,33,0,1,1,1,0,1
584,0,12,3,0,1,0,0,0,0,0,0,0,0,2133,0,4,4,1,0,0,1,4,52,2,1,3,1,1,1
585,1,18,3,0,0,0,0,0,1,0,0,0,0,2039,1,2,1,1,0,0,1,4,20,0,1,2,1,0,1
586,1,9,0,0,1,0,0,0,0,0,0,0,0,2799,1,2,2,0,0,0,1,2,36,0,2,2,2,0,1
587,1,12,3,0,0,0,0,0,1,0,0,0,0,1289,1,2,4,0,0,1,0,1,21,1,1,1,1,0,1
588,1,18,3,0,0,0,1,0,0,0,0,0,0,1217,1,2,4,0,0,0,1,3,47,1,1,1,1,1,1
589,1,12,0,0,0,0,0,0,1,0,0,0,0,2246,1,4,3,0,0,0,1,3,60,1,2,2,1,0,1
590,1,12,0,0,0,0,0,0,0,0,1,0,0,385,1,3,4,1,0,0,1,3,58,1,4,1,1,1,1
591,2,24,1,0,1,0,0,0,0,0,0,0,0,1965,0,2,4,1,0,0,1,4,42,0,2,2,1,1,1
592,0,21,3,1,0,0,0,0,0,0,0,0,0,1572,4,4,4,1,0,0,1,4,36,1,1,1,1,0,1
593,2,24,3,0,1,0,0,0,0,0,0,0,0,2718,1,2,3,1,0,0,1,4,20,0,1,1,1,1,1
594,1,24,4,0,0,0,0,0,0,1,0,0,0,1358,0,4,4,0,0,0,1,3,40,1,1,3,1,1,1
595,2,6,4,0,1,0,0,0,0,0,0,0,0,931,2,1,1,1,0,0,1,1,32,1,1,1,1,0,1
596,1,24,3,0,1,0,0,0,0,0,0,0,0,1442,1,3,4,1,0,0,1,4,23,0,2,2,1,0,1
597,2,24,2,1,0,0,0,0,0,0,0,0,0,4241,1,2,1,0,0,0,1,4,36,1,3,1,1,1,1
598,0,18,0,0,1,0,0,0,0,0,0,0,0,2775,1,3,2,0,0,0,1,2,31,1,2,2,1,0,1
599,0,24,1,1,0,0,0,0,0,0,0,0,0,3863,1,2,1,0,0,0,1,2,32,2,1,2,1,0,1
600,2,7,3,0,0,0,0,0,0,0,1,0,0,2329,1,1,1,1,0,1,0,1,45,1,1,2,1,0,1
601,2,9,3,0,0,0,0,0,1,0,0,0,0,918,1,2,4,1,0,0,1,1,30,1,1,2,1,0,1
602,2,24,4,0,0,0,0,1,0,0,0,0,0,1837,1,3,4,1,0,0,1,4,34,2,1,1,1,0,1
603,0,36,3,0,0,0,0,0,1,0,0,0,0,3349,1,2,4,1,0,0,1,2,28,1,1,3,1,1,1
604,3,10,3,0,0,0,0,0,1,0,0,0,0,1275,1,1,4,1,0,0,1,2,23,1,1,2,1,0,1
605,1,24,4,0,0,0,0,0,1,0,0,0,0,2828,3,2,4,0,0,0,1,4,22,1,1,2,1,1,1
606,0,24,0,1,0,0,0,0,0,0,0,0,0,4526,1,2,3,0,0,0,1,2,74,1,1,3,1,1,1
607,2,36,3,0,0,0,0,0,0,0,1,0,0,2671,2,2,4,1,1,0,0,4,50,2,1,2,1,0,1
608,0,18,3,0,0,0,0,0,0,0,1,0,0,2051,1,1,4,0,0,0,1,1,33,1,1,2,1,0,1
609,0,15,3,0,0,1,0,0,0,0,0,0,0,1300,0,4,4,0,0,0,1,4,45,2,1,2,2,0,1
610,1,12,3,0,0,0,1,0,0,0,0,0,0,741,2,0,4,1,0,0,1,3,22,1,1,2,1,0,1
611,3,10,3,0,1,0,0,0,0,0,0,0,0,1240,2,4,1,1,0,0,1,4,48,2,1,1,2,0,1
612,1,21,3,0,0,0,0,0,0,0,1,0,0,3357,4,1,4,1,0,0,1,2,29,1,1,2,1,0,1
613,1,24,4,0,0,1,0,0,0,0,0,0,0,3632,1,2,1,1,0,1,0,4,22,0,1,2,1,0,0
614,0,18,1,0,0,0,0,0,1,0,0,0,0,1808,1,3,4,1,0,0,1,1,22,1,1,2,1,0,1
615,2,48,2,1,0,0,0,0,0,0,0,0,0,12204,0,2,2,0,0,0,1,2,48,1,1,3,1,1,1
616,2,60,1,0,0,0,0,0,0,0,1,0,0,9157,0,2,2,0,0,0,1,2,27,2,1,3,1,0,1
617,1,6,0,0,1,0,0,0,0,0,0,0,0,3676,1,2,1,0,0,0,1,3,37,0,3,2,2,0,1
618,2,30,3,0,0,0,0,0,1,0,0,0,0,3441,2,2,2,1,1,0,0,4,21,0,1,2,1,0,1
619,0,12,3,0,1,0,0,0,0,0,0,0,0,640,1,2,4,0,0,0,1,2,49,1,1,1,1,0,1
620,2,21,0,1,0,0,0,0,0,0,0,0,0,3652,1,3,2,0,0,0,1,3,27,1,2,2,1,0,1
621,0,18,0,0,1,0,0,0,0,0,0,0,0,1530,1,2,3,0,0,0,1,2,32,1,2,2,1,0,1
622,0,48,3,1,0,0,0,0,0,0,0,0,0,3914,0,2,4,0,0,0,1,2,38,1,1,2,1,0,1
623,1,12,3,0,0,0,0,0,1,0,0,0,0,1858,1,1,4,1,0,0,1,1,22,0,1,2,1,0,1
624,1,18,3,0,0,0,0,0,0,0,1,0,0,2600,1,2,4,0,0,0,1,4,65,2,2,2,1,0,1
625,0,15,3,0,0,0,0,0,0,0,1,0,0,1979,0,4,4,0,0,0,1,2,35,1,1,2,1,0,1
626,3,6,3,0,0,0,0,0,1,0,0,0,0,2116,1,2,2,0,0,0,1,2,41,1,1,2,1,1,1
627,2,9,4,0,1,0,0,0,0,0,0,0,0,1437,2,3,2,0,0,0,1,3,29,1,1,2,1,0,1
628,0,42,0,0,0,0,0,0,1,0,0,0,0,4042,3,2,4,0,0,0,1,4,36,1,2,2,1,1,1
629,0,9,3,0,0,0,0,1,0,0,0,0,0,3832,0,4,1,0,0,0,1,4,64,1,1,1,1,0,1
630,1,24,3,0,0,0,0,0,0,0,1,0,0,3660,1,2,2,1,0,0,1,4,28,1,1,2,1,0,1
631,1,18,4,0,0,0,0,0,1,0,0,0,0,1553,1,2,4,0,0,0,1,3,44,1,1,2,1,0,1
632,2,15,3,0,0,0,0,0,0,0,1,0,0,1444,0,1,4,0,0,0,1,1,23,1,1,2,1,0,1
633,0,9,3,0,0,0,0,0,1,0,0,0,0,1980,1,1,2,1,1,0,0,2,19,0,2,2,1,0,1
634,2,24,3,0,1,0,0,0,0,0,0,0,0,1355,1,1,3,1,0,0,1,4,25,1,1,1,1,1,1
635,0,12,3,0,0,0,0,1,0,0,0,0,0,1393,1,4,4,0,0,0,1,4,47,1,3,2,2,1,1
636,0,24,3,0,0,0,0,0,0,0,1,0,0,1376,3,3,4,1,0,0,1,1,28,1,1,2,1,0,1
637,0,60,1,0,0,0,0,0,0,0,1,0,0,15653,1,3,2,0,0,0,1,4,21,1,2,2,1,1,1
638,0,12,3,0,0,0,0,0,0,0,1,0,0,1493,1,1,4,1,0,0,1,3,34,1,1,2,2,0,1
639,1,42,1,0,0,0,0,0,0,0,1,0,0,4370,1,3,3,0,0,0,1,2,26,1,2,2,2,1,1
640,1,18,3,0,0,0,0,1,0,0,0,0,0,750,1,0,4,1,0,0,1,1,27,1,1,0,1,0,1
641,2,15,3,0,0,0,0,0,0,0,0,1,0,1308,1,4,4,0,0,0,1,4,38,1,2,1,1,0,1
642,0,15,3,0,0,0,0,1,0,0,0,0,0,4623,2,2,3,0,0,0,1,2,40,1,1,3,1,1,1
643,0,24,0,0,0,0,0,0,0,0,1,0,0,1851,1,3,4,0,0,1,0,2,33,1,2,2,1,1,1
644,1,18,0,0,0,0,0,0,0,0,1,0,0,1880,1,3,4,0,0,0,1,1,32,1,2,3,1,1,1
645,0,36,1,1,0,0,0,0,0,0,0,0,0,7980,0,1,4,0,0,0,1,4,27,0,2,2,1,1,1
646,1,30,2,0,0,0,0,0,1,0,0,0,0,4583,1,2,2,0,0,1,0,2,32,1,2,2,1,0,1
647,0,12,3,0,1,0,0,0,0,0,0,0,0,1386,3,2,2,1,0,0,1,2,26,1,1,2,1,0,1
648,3,24,3,0,1,0,0,0,0,0,0,0,0,947,1,3,4,0,0,0,1,3,38,2,1,2,2,0,1
649,1,12,3,0,0,0,0,1,0,0,0,0,0,684,1,2,4,0,0,0,1,4,40,0,1,1,2,0,1
650,1,48,3,0,0,0,0,1,0,0,0,0,0,7476,1,3,4,0,0,0,1,1,50,2,1,3,1,1,1
651,2,12,3,0,0,0,0,0,1,0,0,0,0,1922,1,2,4,0,0,0,1,2,37,1,1,1,1,0,1
652,1,24,3,0,1,0,0,0,0,0,0,0,0,2303,1,4,4,0,1,0,0,1,45,1,1,2,1,0,1
653,2,36,1,0,1,0,0,0,0,0,0,0,0,8086,2,4,2,0,0,0,1,4,42,1,4,3,1,1,1
654,0,24,0,0,0,1,0,0,0,0,0,0,0,2346,1,3,4,0,0,0,1,3,35,1,2,2,1,1,1
655,1,14,3,0,1,0,0,0,0,0,0,0,0,3973,1,0,1,0,0,0,1,4,22,2,1,2,1,0,1
656,2,12,3,0,1,0,0,0,0,0,0,0,0,888,1,4,4,0,0,0,1,4,41,1,1,1,2,0,1
657,0,48,3,0,0,0,0,0,0,0,1,0,0,10222,0,3,4,0,0,0,1,3,37,1,1,2,1,1,1
658,2,30,2,1,0,0,0,0,0,0,0,0,0,4221,1,2,2,1,0,0,1,1,28,1,2,2,1,0,1
659,2,18,0,0,0,0,0,0,1,0,0,0,0,6361,1,4,2,0,0,0,1,1,41,1,1,2,1,1,1
660,3,12,3,0,0,0,0,0,0,0,1,0,0,1297,1,2,3,0,0,0,1,4,23,0,1,2,1,0,1
661,1,12,3,0,1,0,0,0,0,0,0,0,0,900,0,2,4,0,0,0,1,2,23,1,1,2,1,0,1
662,0,21,3,0,0,0,0,0,1,0,0,0,0,2241,1,4,4,0,0,0,1,2,50,1,2,2,1,0,1
663,2,6,1,0,0,0,0,0,1,0,0,0,0,1050,1,0,4,0,0,0,1,1,35,1,2,3,1,1,1
664,3,6,0,0,0,0,0,1,0,0,0,0,0,1047,1,2,2,1,0,0,1,4,50,1,1,1,1,0,1
665,0,24,0,0,0,0,0,0,0,1,0,0,0,6314,1,0,4,0,1,0,0,2,27,1,2,3,1,1,1
666,2,30,4,0,0,0,0,0,1,0,0,0,0,3496,4,2,4,0,0,0,1,2,34,1,1,2,2,1,1
667,0,48,4,1,0,0,0,0,0,0,0,0,0,3609,1,2,1,1,0,0,1,1,27,1,1,2,1,0,1
668,1,12,0,0,1,0,0,0,0,0,0,0,0,4843,1,4,3,0,1,0,0,4,43,0,2,2,1,1,1
669,3,30,0,0,0,0,0,0,0,0,1,0,0,3017,1,4,4,0,0,0,1,4,47,1,1,2,1,0,1
670,0,24,0,1,0,0,0,0,0,0,0,0,0,4139,2,2,3,0,0,0,1,3,27,1,2,1,1,1,1
671,0,36,3,1,0,0,0,0,0,0,0,0,0,5742,2,3,2,0,0,0,1,2,31,1,2,2,1,1,1
672,0,60,3,0,1,0,0,0,0,0,0,0,0,10366,1,4,2,0,0,0,1,4,42,1,1,3,1,1,1
673,0,6,0,0,1,0,0,0,0,0,0,0,0,2080,3,2,1,0,0,0,1,2,24,1,1,2,1,0,1
674,0,21,1,1,0,0,0,0,0,0,0,0,0,2580,3,1,4,0,0,0,1,2,41,1,1,1,2,0,1
675,0,30,0,0,0,0,0,0,0,0,1,0,0,4530,1,3,4,1,0,0,1,4,26,0,1,3,1,1,1
676,0,24,0,0,0,0,0,0,1,0,0,0,0,5150,1,4,4,0,0,0,1,4,33,1,1,2,1,1,1
677,2,72,3,0,0,0,0,0,0,0,1,0,0,5595,2,2,2,0,0,0,1,2,24,1,1,2,1,0,1
678,1,24,3,0,0,0,0,0,0,0,1,0,0,2384,1,4,4,0,0,0,1,4,64,0,1,1,1,0,1
679,0,18,3,0,0,0,0,0,0,0,1,0,0,1453,1,1,3,1,0,0,1,1,26,1,1,2,1,0,1
680,0,6,3,0,0,0,0,1,0,0,0,0,0,1538,1,1,1,1,0,0,1,2,56,1,1,2,1,0,1
681,0,12,3,0,0,0,0,0,0,0,1,0,0,2279,0,2,4,0,0,0,1,4,37,2,1,2,1,1,1
682,0,15,1,0,0,0,0,0,0,0,1,0,0,1478,1,2,4,0,0,0,1,3,33,1,2,2,1,0,1
683,0,24,0,0,0,0,0,0,0,0,1,0,0,5103,1,1,3,0,0,0,1,3,47,2,3,2,1,1,1
684,2,36,1,1,0,0,0,0,0,0,0,0,0,9857,2,3,1,0,0,0,1,3,31,1,2,1,2,1,1
685,0,60,3,0,1,0,0,0,0,0,0,0,0,6527,0,2,4,0,0,0,1,4,34,2,1,2,2,1,1
686,3,10,0,0,0,0,0,0,0,0,1,0,0,1347,0,3,4,0,0,0,1,2,27,1,2,2,1,1,1
687,2,36,1,0,1,0,0,0,0,0,0,0,0,2862,2,4,4,0,0,0,1,3,30,2,1,2,1,0,1
688,0,9,3,0,0,0,0,0,0,0,1,0,0,2753,2,4,3,0,1,0,0,4,35,1,1,2,1,1,1
689,1,12,3,0,1,0,0,0,0,0,0,0,0,3651,4,2,1,0,0,0,1,3,31,1,1,2,2,0,1
690,1,15,0,0,0,0,0,0,1,0,0,0,0,975,1,2,2,0,0,0,1,3,25,1,2,2,1,0,1
691,2,15,3,0,0,0,0,0,0,0,0,1,0,2631,2,2,3,1,0,0,1,2,25,1,1,1,1,0,1
692,2,24,3,0,0,0,0,0,0,0,1,0,0,2896,2,1,2,0,0,0,1,1,29,1,1,2,1,0,1
693,1,6,0,0,1,0,0,0,0,0,0,0,0,4716,0,1,1,0,0,0,1,3,44,1,2,1,2,0,1
694,0,24,3,0,0,0,0,0,0,0,1,0,0,2284,1,3,4,0,0,0,1,2,28,1,1,2,1,1,1
695,0,6,3,0,0,1,0,0,0,0,0,0,0,1236,3,2,2,0,0,0,1,4,50,0,1,2,1,0,1
696,2,12,3,0,0,0,0,0,0,0,1,0,0,1103,1,3,4,0,0,1,0,3,29,1,2,2,1,0,0
697,0,12,0,0,1,0,0,0,0,0,0,0,0,926,1,0,1,1,0,0,1,2,38,1,1,0,1,0,1
698,0,18,0,0,0,0,0,0,0,0,1,0,0,1800,1,2,4,0,0,0,1,2,24,1,2,2,1,0,1
699,3,15,3,0,0,0,0,1,0,0,0,0,0,1905,1,4,4,0,0,0,1,4,40,0,1,3,1,1,1
700,0,12,3,0,0,0,0,0,1,0,0,0,0,1123,3,2,4,1,0,0,1,4,29,0,1,1,1,0,1
701,1,48,0,0,0,1,0,0,0,0,0,0,0,6331,1,4,4,0,0,0,1,4,46,2,2,2,1,1,1
702,3,24,3,0,0,0,0,0,0,0,1,0,0,1377,2,4,4,1,0,0,1,2,47,2,1,2,1,1,1
703,2,30,1,1,0,0,0,0,0,0,0,0,0,2503,2,4,4,0,0,0,1,2,41,1,2,2,1,0,1
704,2,27,3,1,0,0,0,0,0,0,0,0,0,2528,1,1,4,1,0,0,1,1,32,1,1,2,2,1,1
705,0,15,3,0,1,0,0,0,0,0,0,0,0,5324,3,4,1,1,0,0,1,4,35,2,1,2,1,0,1
706,2,48,3,0,1,0,0,0,0,0,0,0,0,6560,2,3,3,0,0,0,1,2,24,1,1,2,1,0,1
707,2,12,2,0,0,0,0,0,1,0,0,0,0,2969,1,1,4,1,0,0,1,3,25,0,2,2,1,0,1
708,2,9,3,0,0,0,0,0,0,0,1,0,0,1206,1,4,4,1,0,0,1,4,25,1,1,2,1,0,1
709,2,9,3,0,0,0,0,0,0,0,1,0,0,2118,1,2,2,0,0,0,1,2,37,1,1,1,2,0,1
710,0,18,0,0,0,0,0,0,0,0,1,0,0,629,3,4,4,0,0,0,1,3,32,1,2,3,1,1,1
711,1,6,4,0,0,0,0,1,0,0,0,0,0,1198,1,4,4,1,0,0,1,4,35,2,1,2,1,0,1
712,0,21,3,0,0,1,0,0,0,0,0,0,0,2476,0,4,4,0,0,0,1,4,46,1,1,3,1,1,1
713,1,9,0,0,0,0,0,0,0,0,1,0,0,1138,1,2,4,0,0,0,1,4,25,1,2,1,1,0,1
714,2,60,3,0,1,0,0,0,0,0,0,0,0,14027,1,3,4,0,0,0,1,2,27,1,1,3,1,1,1
715,0,30,0,0,0,1,0,0,0,0,0,0,0,7596,0,4,1,0,0,0,1,4,63,1,2,2,1,0,1
716,0,30,0,0,0,0,0,0,0,0,1,0,0,3077,0,4,3,0,0,0,1,2,40,1,2,2,2,1,1
717,0,18,3,0,0,0,0,0,0,0,1,0,0,1505,1,2,4,0,0,0,1,2,32,2,1,3,1,1,1
718,3,24,0,0,0,0,0,0,0,0,1,0,0,3148,0,2,3,0,0,0,1,2,31,1,2,2,1,1,1
719,2,20,2,0,0,1,0,0,0,0,0,0,0,6148,2,4,3,0,0,0,1,4,31,1,2,2,1,1,1
720,3,9,2,0,0,0,0,0,0,0,1,0,0,1337,1,1,4,0,0,0,1,2,34,1,2,3,1,1,1
721,2,6,4,0,0,0,0,1,0,0,0,0,0,433,4,1,4,1,0,0,1,2,24,0,1,2,2,0,1
722,1,12,3,0,1,0,0,0,0,0,0,0,0,1228,1,2,4,1,0,0,1,2,24,1,1,1,1,0,1
723,2,9,3,0,0,0,0,0,0,0,1,0,0,790,3,2,4,1,0,0,1,3,66,1,1,1,1,0,1
724,0,27,3,0,1,0,0,0,0,0,0,0,0,2570,1,2,3,1,0,0,1,3,21,0,1,2,1,0,1
725,0,6,0,0,1,0,0,0,0,0,0,0,0,250,4,2,2,1,0,0,1,2,41,1,2,1,1,0,1
726,0,15,0,0,0,0,0,0,0,0,1,0,0,1316,3,2,2,0,0,0,1,2,47,1,2,1,1,0,1
727,1,18,3,0,0,0,0,0,0,0,1,0,0,1882,1,2,4,1,0,0,1,4,25,0,2,2,1,0,1
728,2,48,4,1,0,0,0,0,0,0,0,0,0,6416,1,4,4,1,0,0,1,3,59,0,1,2,1,0,1
729,3,24,0,1,0,0,0,0,0,0,0,0,0,1275,4,2,2,0,0,0,1,4,36,1,2,2,1,1,1
730,2,24,1,0,0,0,0,0,0,0,1,0,0,6403,1,1,1,0,0,0,1,2,33,1,1,2,1,0,1
731,1,24,3,0,0,0,0,0,0,0,1,0,0,1987,1,2,2,0,0,0,1,4,21,0,1,1,2,0,1
732,2,8,3,0,0,0,0,0,0,0,1,0,0,760,1,3,4,1,0,1,0,2,44,1,1,1,1,0,1
733,0,24,3,0,0,1,0,0,0,0,0,0,0,2603,4,2,2,1,0,0,1,4,28,0,1,2,1,1,1
734,0,4,0,0,1,0,0,0,0,0,0,0,0,3380,1,3,1,1,0,0,1,1,37,1,1,2,2,0,1
735,2,36,4,0,0,0,1,0,0,0,0,0,0,3990,0,1,3,1,0,0,1,2,29,1,1,0,1,0,1
736,2,24,3,0,0,1,0,0,0,0,0,0,0,11560,1,2,1,1,0,0,1,4,23,0,2,3,1,0,1
737,1,18,3,0,1,0,0,0,0,0,0,0,0,4380,2,2,3,0,0,0,1,4,35,1,1,1,2,1,1
738,0,6,0,0,1,0,0,0,0,0,0,0,0,6761,1,3,1,0,0,0,1,3,45,1,2,3,2,1,1
739,2,30,2,1,0,0,0,0,0,0,0,0,0,4280,2,2,4,1,0,0,1,4,26,0,2,1,1,0,1
740,1,24,4,0,1,0,0,0,0,0,0,0,0,2325,2,3,2,0,0,0,1,3,32,1,1,2,1,0,1
741,2,10,4,0,0,0,0,0,0,0,1,0,0,1048,1,2,4,0,0,0,1,4,23,1,1,1,1,0,1
742,0,21,3,0,0,0,0,0,0,0,1,0,0,3160,0,4,4,0,0,0,1,3,41,1,1,2,1,1,1
743,1,24,4,0,0,0,0,0,1,0,0,0,0,2483,3,2,4,0,0,0,1,4,22,1,1,2,1,1,1
744,1,39,0,0,0,0,0,0,1,0,0,0,0,14179,0,3,4,0,0,0,1,4,30,1,2,3,1,1,1
745,1,13,0,1,0,0,0,0,0,0,0,0,0,1797,1,1,3,0,0,0,1,1,28,1,2,1,1,0,1
746,1,15,3,0,1,0,0,0,0,0,0,0,0,2511,1,0,1,1,0,0,1,4,23,0,1,2,1,0,1
747,1,12,3,0,1,0,0,0,0,0,0,0,0,1274,1,1,3,1,0,0,1,1,37,1,1,1,1,0,1
748,0,21,3,0,0,1,0,0,0,0,0,0,0,5248,0,2,1,0,0,0,1,3,26,1,1,2,1,0,1
749,0,15,3,0,0,1,0,0,0,0,0,0,0,3029,1,3,2,0,0,0,1,2,33,1,1,2,1,0,1
750,1,6,3,0,0,0,0,0,1,0,0,0,0,428,1,4,2,1,0,0,1,1,49,1,1,2,1,1,1
751,1,18,3,0,1,0,0,0,0,0,0,0,0,976,1,1,1,1,0,0,1,2,23,1,1,1,1,0,1
752,2,12,3,1,0,0,0,0,0,0,0,0,0,841,2,3,2,1,0,0,1,4,23,0,1,1,1,0,1
753,0,30,0,0,0,0,0,0,0,0,1,0,0,5771,1,3,4,1,0,0,1,2,25,1,2,2,1,0,1
754,0,12,1,0,0,0,0,0,0,0,0,1,0,1555,4,4,4,0,0,0,1,4,55,2,2,2,2,0,1
755,1,24,3,0,1,0,0,0,0,0,0,0,0,1285,0,3,4,1,0,0,1,4,32,0,1,2,1,0,1
756,3,6,0,0,1,0,0,0,0,0,0,0,0,1299,1,2,1,0,0,0,1,1,74,1,3,0,2,0,0
757,3,15,0,0,0,0,0,0,0,0,1,0,0,1271,0,2,3,0,0,0,1,4,39,2,2,2,1,1,1
758,0,24,3,0,1,0,0,0,0,0,0,0,0,1393,1,2,2,0,0,1,0,2,31,1,1,2,1,1,1
759,1,12,0,0,1,0,0,0,0,0,0,0,0,691,1,4,4,0,0,0,1,3,35,1,2,2,1,0,1
760,0,15,0,0,1,0,0,0,0,0,0,0,0,5045,0,4,1,1,0,0,1,4,59,1,1,2,1,1,1
761,1,18,0,0,0,0,0,0,1,0,0,0,0,2124,1,2,4,1,0,0,1,4,24,0,2,2,1,0,1
762,1,12,3,0,0,0,0,0,0,0,1,0,0,2214,1,2,4,0,0,0,1,3,24,1,1,1,1,0,1
763,0,21,0,0,1,0,0,0,0,0,0,0,0,12680,0,4,4,0,0,0,1,4,30,2,1,3,1,1,1
764,0,24,0,0,1,0,0,0,0,0,0,0,0,2463,2,3,4,0,0,0,1,3,27,1,2,2,1,1,1
765,2,12,3,0,0,0,0,0,0,0,1,0,0,1155,1,4,3,0,0,1,0,3,40,1,2,1,1,0,1
766,1,30,3,0,0,0,0,0,1,0,0,0,0,3108,1,1,2,0,0,0,1,4,31,1,1,1,1,0,1
767,0,10,3,0,0,1,0,0,0,0,0,0,0,2901,0,1,1,1,0,0,1,4,31,0,1,2,1,0,1
768,2,12,0,0,0,0,0,0,1,0,0,0,0,3617,1,4,1,0,0,0,1,4,28,0,3,2,1,1,1
769,0,12,0,0,0,0,0,0,0,0,1,0,0,1655,1,4,2,0,0,0,1,4,63,1,2,1,1,1,1
770,1,24,3,0,0,1,0,0,0,0,0,0,0,2812,0,4,2,1,0,0,1,4,26,0,1,2,1,0,1
771,1,36,0,0,0,0,0,1,0,0,0,0,0,8065,1,2,3,1,0,0,1,2,25,1,2,3,1,1,1
772,0,21,0,0,0,1,0,0,0,0,0,0,0,3275,1,4,1,0,0,0,1,4,36,1,1,3,1,1,1
773,0,24,0,0,0,0,0,0,0,0,1,0,0,2223,2,4,4,0,0,0,1,4,52,1,2,2,1,0,1
774,3,12,0,0,1,0,0,0,0,0,0,0,0,1480,3,0,2,0,0,0,1,4,66,2,3,0,1,0,1
775,1,24,3,0,1,0,0,0,0,0,0,0,0,1371,0,2,4,1,0,0,1,4,25,0,1,2,1,0,1
776,0,36,0,0,1,0,0,0,0,0,0,0,0,3535,1,3,4,0,0,0,1,4,37,1,2,2,1,1,1
777,1,18,3,0,0,0,0,0,0,0,1,0,0,3509,1,3,4,1,0,1,0,1,25,1,1,2,1,0,1
778,0,36,0,0,0,1,0,0,0,0,0,0,0,5711,4,4,4,0,0,0,1,2,38,1,2,3,1,1,1
779,2,18,3,0,0,0,0,0,0,0,0,1,0,3872,1,0,2,1,0,0,1,4,67,1,1,2,1,1,1
780,2,39,0,0,0,0,0,0,0,0,1,0,0,4933,1,3,2,0,0,1,0,2,25,1,2,2,1,0,1
781,0,24,0,0,1,0,0,0,0,0,0,0,0,1940,4,4,4,0,0,0,1,4,60,1,1,2,1,1,1
782,2,12,2,0,0,0,0,0,0,0,0,0,1,1410,1,2,2,0,0,0,1,2,31,1,1,1,1,1,1
783,2,12,3,0,1,0,0,0,0,0,0,0,0,836,2,1,4,1,0,0,1,2,23,1,1,1,1,0,1
784,2,20,3,0,0,1,0,0,0,0,0,0,0,6468,0,0,1,0,0,0,1,4,60,1,1,3,1,1,1
785,2,18,3,1,0,0,0,0,0,0,0,0,0,1941,4,2,4,0,0,0,1,2,35,1,1,1,1,1,1
786,0,22,3,0,0,0,0,0,0,0,1,0,0,2675,3,4,3,0,0,0,1,4,40,1,1,2,1,0,1
787,0,48,0,0,0,1,0,0,0,0,0,0,0,2751,0,4,4,0,0,0,1,3,38,1,2,2,2,1,1
788,2,48,1,0,0,0,0,1,0,0,0,0,0,6224,1,4,4,0,0,0,1,4,50,2,1,2,1,0,1
789,1,40,0,0,0,0,0,1,0,0,0,0,0,5998,1,2,4,0,0,0,1,3,27,1,1,2,1,1,1
790,2,21,3,1,0,0,0,0,0,0,0,0,0,1188,1,4,2,1,0,0,1,4,39,1,1,2,2,0,1
791,0,24,3,0,0,1,0,0,0,0,0,0,0,6313,0,4,3,0,0,0,1,4,41,1,1,3,2,1,1
792,0,6,0,0,0,0,0,0,1,0,0,0,0,1221,0,2,1,0,0,0,1,2,27,1,2,2,1,0,1
793,3,24,3,0,0,0,0,0,1,0,0,0,0,2892,1,4,3,0,0,0,1,4,51,2,1,2,1,0,1
794,0,24,3,0,0,0,0,0,1,0,0,0,0,3062,3,4,4,0,0,0,1,3,32,0,1,2,1,1,1
795,0,9,3,0,0,0,0,0,1,0,0,0,0,2301,2,1,2,1,0,0,1,4,22,0,1,2,1,0,1
796,1,18,3,0,0,1,0,0,0,0,0,0,0,7511,0,4,1,0,0,0,1,4,51,2,1,2,2,1,1
797,0,12,0,0,0,0,0,0,1,0,0,0,0,1258,1,1,2,1,0,0,1,4,22,0,2,1,1,0,1
798,0,24,1,0,1,0,0,0,0,0,0,0,0,717,0,4,4,0,0,0,1,4,54,1,2,2,1,1,1
799,2,9,3,0,1,0,0,0,0,0,0,0,0,1549,0,1,4,0,0,0,1,2,35,1,1,0,1,0,1
800,0,24,0,0,0,0,0,1,0,0,0,0,0,1597,1,4,4,0,0,0,1,4,54,2,2,2,2,0,1
801,2,18,0,0,0,0,0,0,0,0,1,0,0,1795,1,4,3,1,0,1,0,4,48,0,2,1,1,1,1
802,1,20,0,0,0,0,0,0,1,0,0,0,0,4272,1,4,1,1,0,0,1,4,24,1,2,2,1,0,1
803,0,12,0,0,0,0,0,0,0,0,1,0,0,976,0,4,4,0,0,0,1,4,35,1,2,2,1,0,1
804,2,12,3,0,1,0,0,0,0,0,0,0,0,7472,0,0,1,1,0,0,1,2,24,0,1,0,1,0,1
805,1,36,3,0,1,0,0,0,0,0,0,0,0,9271,1,3,2,0,0,0,1,1,24,1,1,2,1,1,1
806,2,6,3,0,0,0,0,0,0,0,1,0,0,590,1,1,3,0,0,0,1,3,26,1,1,1,1,0,0
807,0,12,0,0,0,0,0,0,0,0,1,0,0,930,0,4,4,0,0,0,1,4,65,1,4,2,1,0,1
808,2,42,4,0,0,1,0,0,0,0,0,0,0,9283,1,0,1,0,0,0,1,2,55,2,1,3,1,1,1
809,2,15,2,0,1,0,0,0,0,0,0,0,0,1778,1,1,2,1,0,0,1,1,26,0,2,0,1,0,1
810,2,8,3,1,0,0,0,0,0,0,0,0,0,907,1,1,3,0,0,0,1,2,26,1,1,2,1,1,1
811,2,6,3,0,0,0,0,0,0,0,1,0,0,484,1,3,3,0,0,1,0,3,28,1,1,1,1,0,1
812,1,36,0,0,0,1,0,0,0,0,0,0,0,9629,1,3,4,0,0,0,1,4,24,1,2,2,1,1,1
813,1,48,3,0,0,0,1,0,0,0,0,0,0,3051,1,2,3,0,0,0,1,4,54,1,1,2,1,0,1
814,1,48,3,0,1,0,0,0,0,0,0,0,0,3931,1,3,4,0,0,0,1,4,46,2,1,2,2,0,1
815,2,36,1,0,1,0,0,0,0,0,0,0,0,7432,1,2,2,1,0,0,1,2,54,0,1,2,1,0,1
816,0,6,3,0,0,0,1,0,0,0,0,0,0,1338,3,2,1,0,0,0,1,4,62,1,1,2,1,0,1
817,0,6,0,0,0,0,0,0,0,0,1,0,0,1554,1,3,1,1,0,0,1,2,24,0,2,2,1,1,1
818,1,36,3,0,0,0,0,0,0,1,0,0,0,15857,1,0,2,0,1,0,0,3,43,1,1,3,1,0,1
819,1,18,3,0,0,0,0,0,0,0,1,0,0,1345,1,2,4,0,0,0,1,3,26,1,1,2,1,0,1
820,0,12,3,0,1,0,0,0,0,0,0,0,0,1101,1,2,3,0,0,0,1,2,27,1,2,2,1,1,1
821,3,12,3,0,0,0,0,0,0,0,1,0,0,3016,1,2,3,0,0,0,1,1,24,1,1,2,1,0,1
822,1,36,3,0,0,0,0,0,1,0,0,0,0,2712,1,4,2,0,0,0,1,2,41,1,1,2,2,0,1
823,1,8,0,0,1,0,0,0,0,0,0,0,0,731,1,4,4,0,0,0,1,4,47,1,2,1,1,0,1
824,0,18,0,0,0,0,0,0,1,0,0,0,0,3780,1,1,3,0,0,0,1,2,35,1,2,3,1,1,1
825,1,21,0,0,1,0,0,0,0,0,0,0,0,1602,1,4,4,0,0,0,1,3,30,1,2,2,1,1,1
826,1,18,0,0,1,0,0,0,0,0,0,0,0,3966,1,4,1,1,0,0,1,4,33,0,3,2,1,1,1
827,0,18,2,1,0,0,0,0,0,0,0,0,0,4165,1,2,2,0,0,0,1,2,36,1,2,2,2,0,1
828,1,36,3,0,0,1,0,0,0,0,0,0,0,8335,0,4,3,0,0,0,1,4,47,2,1,2,1,0,1
829,2,48,1,1,0,0,0,0,0,0,0,0,0,6681,0,2,4,0,0,0,1,4,38,2,1,2,2,1,1
830,0,24,1,1,0,0,0,0,0,0,0,0,0,2375,3,2,4,0,0,0,1,2,44,1,2,2,2,1,1
831,1,18,3,0,1,0,0,0,0,0,0,0,0,1216,1,1,4,1,0,0,1,3,23,0,1,2,1,1,1
832,1,45,2,1,0,0,0,0,0,0,0,0,0,11816,1,4,2,0,0,0,1,4,29,0,2,2,1,0,1
833,2,24,3,0,0,0,0,0,0,0,1,0,0,5084,0,4,2,1,0,0,1,4,42,1,1,2,1,1,1
834,3,15,3,0,0,0,0,0,0,0,1,0,0,2327,1,1,2,1,0,0,1,3,25,1,1,1,1,0,1
835,1,12,2,0,1,0,0,0,0,0,0,0,0,1082,1,2,4,0,0,0,1,4,48,1,2,2,1,0,1
836,0,12,3,0,0,0,0,0,0,0,1,0,0,886,0,2,4,1,0,0,1,2,21,1,1,2,1,0,1
837,0,4,3,0,0,0,0,0,1,0,0,0,0,601,1,1,1,1,0,0,1,3,23,0,1,1,2,0,1
838,1,24,0,0,0,1,0,0,0,0,0,0,0,2957,1,4,4,0,0,0,1,4,63,1,2,2,1,1,1
839,0,24,0,0,0,0,0,0,0,0,1,0,0,2611,1,4,4,0,1,0,0,3,46,1,2,2,1,0,1
840,1,36,3,0,0,0,0,0,1,0,0,0,0,5179,1,3,4,0,0,0,1,2,29,1,1,2,1,0,1
841,0,21,1,0,0,1,0,0,0,0,0,0,0,2993,1,2,3,0,0,0,1,2,28,1,2,1,1,0,1
842,0,18,3,0,0,0,0,0,0,0,0,1,0,1943,1,1,4,1,0,0,1,4,23,1,1,2,1,0,1
843,0,24,4,1,0,0,0,0,0,0,0,0,0,1559,1,3,4,0,0,0,1,4,50,1,1,2,1,1,1
844,0,18,3,0,0,0,0,0,1,0,0,0,0,3422,1,4,4,0,0,0,1,4,47,1,3,2,2,1,1
845,2,21,3,0,0,0,0,0,1,0,0,0,0,3976,0,3,2,0,0,0,1,3,35,1,1,2,1,1,1
846,0,18,3,0,1,0,0,0,0,0,0,0,0,6761,0,2,2,0,0,0,1,4,68,0,2,2,1,0,1
847,0,24,3,0,1,0,0,0,0,0,0,0,0,1249,1,1,4,0,0,0,1,2,28,1,1,2,1,0,1
848,1,9,3,0,0,0,0,0,0,0,1,0,0,1364,1,3,3,0,0,0,1,4,59,1,1,2,1,0,1
849,1,12,3,0,0,0,0,0,0,0,1,0,0,709,1,4,4,0,0,0,1,4,57,1,1,1,1,0,1
850,1,20,0,0,1,0,0,0,0,0,0,0,0,2235,1,2,4,0,0,1,0,2,33,0,2,2,1,0,0
851,0,24,0,0,0,1,0,0,0,0,0,0,0,4042,0,3,3,0,0,0,1,4,43,1,2,2,1,1,1
852,0,15,0,0,0,0,0,0,0,0,1,0,0,1471,1,2,4,0,0,0,1,4,35,2,2,2,1,1,1
853,1,18,4,0,1,0,0,0,0,0,0,0,0,1442,1,3,4,0,0,0,1,4,32,2,2,1,2,0,1
854,0,36,1,0,1,0,0,0,0,0,0,0,0,10875,1,4,2,0,0,0,1,2,45,1,2,2,2,1,1
855,0,24,3,0,1,0,0,0,0,0,0,0,0,1474,2,1,4,0,0,0,1,3,33,1,1,2,1,1,1
856,0,10,3,0,0,0,0,0,0,0,0,0,1,894,0,3,4,1,0,0,1,3,40,1,1,2,1,1,1
857,0,15,0,0,0,0,0,0,1,0,0,0,0,3343,1,2,4,0,0,0,1,2,28,2,1,2,1,1,1
858,1,15,3,0,1,0,0,0,0,0,0,0,0,3959,1,2,3,1,0,0,1,2,29,1,1,2,1,1,1
859,0,9,3,0,1,0,0,0,0,0,0,0,0,3577,2,2,1,0,0,1,0,2,26,0,1,2,2,0,0
860,0,24,0,0,0,1,0,0,0,0,0,0,0,5804,4,2,4,0,0,0,1,2,27,1,2,2,1,0,1
861,0,18,1,1,0,0,0,0,0,0,0,0,0,2169,1,2,4,0,0,0,1,2,28,1,1,2,1,1,1
862,1,24,3,0,0,0,0,0,0,0,1,0,0,2439,1,1,4,1,0,0,1,4,35,1,1,2,1,1,1
863,0,27,0,0,0,0,0,0,1,0,0,0,0,4526,4,1,4,0,0,0,1,2,32,1,2,1,2,1,1
864,0,10,3,0,0,0,0,0,1,0,0,0,0,2210,1,2,2,0,0,0,1,2,25,0,1,1,1,0,1
865,0,15,3,0,0,0,0,0,1,0,0,0,0,2221,3,2,2,1,0,0,1,4,20,0,1,2,1,0,1
866,1,18,3,0,0,0,0,0,0,0,1,0,0,2389,1,1,4,1,0,0,1,1,27,1,1,2,1,0,1
867,0,12,0,0,0,0,0,0,1,0,0,0,0,3331,1,4,2,0,0,0,1,4,42,1,1,2,1,0,1
868,0,36,3,1,0,0,0,0,0,0,0,0,0,7409,0,4,3,0,0,0,1,2,37,1,2,2,1,0,1
869,1,12,3,0,0,0,0,0,1,0,0,0,0,652,1,4,4,1,0,0,1,4,24,0,1,2,1,0,1
870,0,36,1,0,0,0,0,0,1,0,0,0,0,7678,3,3,2,1,0,0,1,4,40,1,2,2,1,1,1
871,3,6,0,0,1,0,0,0,0,0,0,0,0,1343,1,4,1,0,0,0,1,4,46,1,2,2,2,0,0
872,1,24,0,1,0,0,0,0,0,0,0,0,0,1382,2,3,4,0,0,0,1,1,26,1,2,2,1,1,1
873,0,15,3,0,0,0,1,0,0,0,0,0,0,874,0,1,4,1,0,0,1,1,24,1,1,2,1,0,1
874,1,12,3,0,0,0,0,0,1,0,0,0,0,3590,1,2,2,0,1,0,0,2,29,1,1,1,2,0,1
875,2,11,0,0,1,0,0,0,0,0,0,0,0,1322,4,2,4,1,0,0,1,4,40,1,2,2,1,0,1
876,1,18,4,0,0,0,0,0,0,0,1,0,0,1940,1,1,3,0,1,0,0,4,36,2,1,3,1,1,1
877,0,36,3,0,0,0,0,0,0,0,1,0,0,3595,1,4,4,0,0,0,1,2,28,1,1,2,1,0,1
878,1,9,3,0,1,0,0,0,0,0,0,0,0,1422,1,1,3,0,0,0,1,2,27,2,1,3,1,1,1
879,0,30,0,0,0,0,0,0,0,0,1,0,0,6742,0,3,2,0,0,0,1,3,36,1,2,2,1,0,1
880,0,24,3,0,0,1,0,0,0,0,0,0,0,7814,1,3,3,0,0,0,1,3,38,1,1,3,1,1,1
881,0,24,3,0,0,1,0,0,0,0,0,0,0,9277,0,2,2,0,0,0,1,4,48,2,1,2,1,1,1
882,2,30,0,0,1,0,0,0,0,0,0,0,0,2181,0,4,4,0,0,0,1,4,36,1,2,2,1,0,1
883,0,18,0,0,0,0,0,0,0,0,1,0,0,1098,1,0,4,1,0,0,1,4,65,1,2,0,1,0,1
884,2,24,3,0,0,0,0,0,1,0,0,0,0,4057,1,3,3,0,0,0,1,3,43,1,1,2,1,1,1
885,1,12,3,0,0,0,0,1,0,0,0,0,0,795,1,1,4,1,0,0,1,4,53,1,1,2,1,0,1
886,2,24,0,1,0,0,0,0,0,0,0,0,0,2825,0,3,4,0,0,0,1,3,34,1,2,2,2,1,1
887,2,48,3,1,0,0,0,0,0,0,0,0,0,15672,1,2,2,0,0,0,1,2,23,1,1,2,1,1,1
888,0,36,0,0,1,0,0,0,0,0,0,0,0,6614,1,4,4,0,0,0,1,4,34,1,2,3,1,1,1
889,0,28,4,0,0,1,0,0,0,0,0,0,0,7824,0,1,3,0,0,1,0,4,40,0,2,2,2,1,1
890,1,27,0,1,0,0,0,0,0,0,0,0,0,2442,1,4,4,0,0,0,1,4,43,1,4,3,2,1,1
891,0,15,0,0,0,0,0,0,0,0,1,0,0,1829,1,4,4,0,0,0,1,4,46,1,2,2,1,1,1
892,1,12,0,0,1,0,0,0,0,0,0,0,0,2171,1,2,4,0,0,0,1,4,38,1,2,1,1,0,0
893,2,36,0,0,0,1,0,0,0,0,0,0,0,5800,1,2,3,0,0,0,1,4,34,1,2,2,1,1,1
894,0,18,0,0,0,0,0,0,0,0,1,0,0,1169,0,2,4,0,0,0,1,3,29,1,2,2,1,1,1
895,0,36,1,0,0,1,0,0,0,0,0,0,0,8947,0,3,3,0,0,0,1,2,31,1,1,3,2,1,1
896,1,21,3,0,0,0,0,0,0,0,1,0,0,2606,1,1,4,1,0,0,1,4,28,0,1,3,1,1,1
897,0,12,0,0,0,0,0,0,1,0,0,0,0,1592,4,3,3,1,0,0,1,2,35,1,1,2,1,0,0
898,0,15,3,0,0,0,0,0,1,0,0,0,0,2186,0,3,1,1,0,0,1,4,33,0,1,1,1,0,1
899,1,18,3,0,0,0,0,0,1,0,0,0,0,4153,1,2,2,0,1,0,0,3,42,1,1,2,1,0,1
900,1,16,0,0,1,0,0,0,0,0,0,0,0,2625,1,4,2,0,0,1,0,4,43,0,1,2,1,1,1
901,0,20,0,0,1,0,0,0,0,0,0,0,0,3485,0,1,2,0,0,0,1,4,44,1,2,2,1,1,1
902,0,36,0,0,0,1,0,0,0,0,0,0,0,10477,0,4,2,0,0,0,1,4,42,2,2,2,1,0,1
903,0,15,3,0,0,0,0,0,0,0,1,0,0,1386,0,2,4,0,0,0,1,2,40,0,1,2,1,1,1
904,0,24,3,0,0,0,0,0,0,0,1,0,0,1278,1,4,4,0,0,0,1,1,36,1,1,3,1,1,1
905,1,12,3,0,0,0,0,0,0,0,1,0,0,1107,1,2,2,0,0,0,1,2,20,0,1,3,2,1,1
906,1,21,3,0,1,0,0,0,0,0,0,0,0,3763,0,3,2,0,1,0,0,2,24,1,1,1,1,0,0
907,2,36,3,0,0,0,0,1,0,0,0,0,0,3711,0,2,2,0,0,0,1,2,27,1,1,2,1,0,1
908,0,15,1,0,0,1,0,0,0,0,0,0,0,3594,1,1,1,1,0,0,1,2,46,1,2,1,1,0,1
909,2,9,3,0,1,0,0,0,0,0,0,0,0,3195,0,2,1,1,0,0,1,2,33,1,1,1,1,0,1
910,0,36,1,0,0,0,0,0,0,0,1,0,0,4454,1,2,4,1,0,0,1,4,34,1,2,2,1,0,1
911,2,24,0,0,0,0,0,0,1,0,0,0,0,4736,1,1,2,1,0,0,1,4,25,1,1,1,1,0,1
912,2,30,3,0,0,0,0,0,0,0,1,0,0,2991,0,4,2,1,0,0,1,4,25,1,1,2,1,0,1
913,0,11,3,1,0,0,0,0,0,0,0,0,0,2142,4,4,1,0,0,0,1,2,28,1,1,2,1,1,1
914,1,24,4,1,0,0,0,0,0,0,0,0,0,3161,1,2,4,0,0,0,1,2,31,0,1,2,1,1,1
915,2,48,2,0,0,0,0,0,0,1,0,0,0,18424,1,2,1,1,0,0,1,2,32,1,1,3,1,1,0
916,0,10,3,0,0,1,0,0,0,0,0,0,0,2848,2,2,1,0,1,0,0,2,32,1,1,2,2,0,1
917,1,6,3,0,1,0,0,0,0,0,0,0,0,14896,1,4,1,0,0,0,1,4,68,1,1,3,1,1,1
918,1,24,3,0,0,0,0,0,1,0,0,0,0,2359,2,0,1,0,0,0,1,1,33,1,1,2,1,0,1
919,1,24,3,0,0,0,0,0,1,0,0,0,0,3345,1,4,4,0,0,0,1,2,39,0,1,3,1,1,1
920,0,18,0,0,0,0,0,0,1,0,0,0,0,1817,1,2,4,1,0,0,1,2,28,1,2,2,1,0,1
921,0,48,1,0,0,0,0,0,0,0,1,0,0,12749,3,3,4,0,0,0,1,1,37,1,1,3,1,1,1
922,1,9,3,0,0,0,0,0,0,0,1,0,0,1366,1,1,3,1,0,0,1,4,22,0,1,2,1,0,1
923,2,12,3,0,1,0,0,0,0,0,0,0,0,2002,1,3,3,0,0,0,1,4,30,0,1,2,2,1,1
924,1,24,4,0,0,0,0,0,1,0,0,0,0,6872,1,1,2,0,0,0,1,1,55,1,1,2,1,1,1
925,1,12,4,0,1,0,0,0,0,0,0,0,0,697,1,1,4,0,0,0,1,2,46,1,2,2,1,1,1
926,1,18,0,0,0,0,0,0,1,0,0,0,0,1049,1,1,4,1,0,0,1,4,21,0,1,2,1,0,1
927,1,48,3,0,0,1,0,0,0,0,0,0,0,10297,1,3,4,0,0,0,1,4,39,2,3,2,2,1,1
928,0,30,3,0,0,0,0,0,0,0,1,0,0,1867,0,4,4,0,0,0,1,4,58,1,1,2,1,1,1
929,1,12,1,0,1,0,0,0,0,0,0,0,0,1344,1,2,4,0,0,0,1,2,43,1,2,1,2,0,1
930,1,24,3,0,0,0,0,0,1,0,0,0,0,1747,1,1,4,0,1,0,0,1,24,1,1,1,1,0,0
931,2,9,3,0,0,0,0,0,0,0,1,0,0,1670,1,1,4,1,0,0,1,2,22,1,1,2,1,1,1
932,0,9,0,0,1,0,0,0,0,0,0,0,0,1224,1,2,3,0,0,0,1,1,30,1,2,2,1,0,1
933,0,12,0,0,0,0,0,0,0,0,1,0,0,522,3,4,4,0,0,0,1,4,42,1,2,2,2,1,1
934,1,12,3,0,0,0,0,0,0,0,1,0,0,1498,1,2,4,1,0,0,1,1,23,1,1,2,1,0,1
935,2,30,1,0,0,0,0,0,0,0,1,0,0,1919,2,1,4,0,0,0,1,3,30,1,2,3,1,0,1
936,3,9,3,0,0,0,0,0,0,0,1,0,0,745,1,2,3,1,0,0,1,2,28,1,1,1,1,0,1
937,2,6,3,0,0,0,0,0,0,0,1,0,0,2063,1,1,4,0,0,0,1,3,30,0,1,3,1,1,1
938,2,60,3,0,0,0,0,1,0,0,0,0,0,6288,1,2,4,0,0,0,1,4,42,2,1,2,1,0,1
939,0,24,0,0,0,1,0,0,0,0,0,0,0,6842,0,2,2,0,0,0,1,4,46,1,2,3,2,1,1
940,0,12,3,0,1,0,0,0,0,0,0,0,0,3527,0,1,2,0,0,0,1,3,45,1,1,3,2,1,1
941,0,10,3,0,1,0,0,0,0,0,0,0,0,1546,1,2,3,0,0,0,1,2,31,1,1,1,2,0,0
942,0,24,3,0,0,0,0,0,1,0,0,0,0,929,0,3,4,0,0,0,1,2,31,1,1,2,1,1,1
943,0,4,0,0,1,0,0,0,0,0,0,0,0,1455,1,3,2,0,0,0,1,1,42,1,3,1,2,0,1
944,1,15,3,0,0,0,0,0,1,0,0,0,0,1845,1,1,4,1,0,1,0,1,46,0,1,2,1,0,1
945,2,48,2,0,1,0,0,0,0,0,0,0,0,8358,3,1,1,1,0,0,1,1,30,1,2,2,1,0,1
946,1,24,4,0,0,0,0,0,1,0,0,0,0,3349,3,1,4,0,0,0,1,4,30,2,1,2,2,1,1
947,0,12,3,0,1,0,0,0,0,0,0,0,0,2859,0,0,4,0,0,0,1,4,38,1,1,3,1,1,1
948,0,18,3,0,0,0,0,0,1,0,0,0,0,1533,1,1,4,0,1,0,0,1,43,1,1,1,2,0,1
949,0,24,3,0,0,0,0,0,0,0,1,0,0,3621,2,4,2,0,0,0,1,4,31,1,2,2,1,0,1
950,2,18,0,1,0,0,0,0,0,0,0,0,0,3590,1,0,3,0,0,0,1,3,40,1,3,0,2,1,1
951,1,36,1,1,0,0,0,0,0,0,0,0,0,2145,1,3,2,0,0,0,1,1,24,1,2,2,1,1,1
952,2,24,3,0,0,1,0,0,0,0,0,0,0,4113,3,1,3,1,0,0,1,4,28,0,1,2,1,0,1
953,0,36,3,0,0,0,0,0,1,0,0,0,0,10974,1,0,4,1,0,0,1,2,26,1,2,3,1,1,1
954,1,12,3,0,1,0,0,0,0,0,0,0,0,1893,1,2,4,1,0,1,0,4,29,1,1,2,1,1,1
955,1,24,0,0,0,0,0,0,0,0,1,0,0,1231,4,4,4,1,0,0,1,4,57,0,2,3,1,1,1
956,3,30,0,0,0,0,0,0,0,0,1,0,0,3656,0,4,4,0,0,0,1,4,49,1,2,1,1,0,1
957,2,9,0,0,0,0,0,0,0,0,1,0,0,1154,1,4,2,0,0,0,1,4,37,1,3,1,1,0,1
958,1,28,3,0,1,0,0,0,0,0,0,0,0,4006,1,2,3,0,0,0,1,2,45,1,1,1,1,0,1
959,2,24,3,0,0,0,0,0,1,0,0,0,0,3069,2,4,4,0,0,0,1,4,30,2,1,2,1,0,1
960,0,6,0,0,0,0,0,0,0,0,1,0,0,1740,1,4,2,0,0,0,1,2,30,0,2,2,1,0,1
961,2,21,1,0,1,0,0,0,0,0,0,0,0,2353,1,2,1,0,0,0,1,4,47,1,2,2,1,0,1
962,0,15,3,0,1,0,0,0,0,0,0,0,0,3556,0,2,3,0,0,0,1,2,29,1,1,2,1,0,1
963,0,24,3,0,0,0,0,0,0,0,1,0,0,2397,3,4,3,0,0,0,1,2,35,1,2,2,1,1,1
964,2,6,3,0,0,0,0,0,0,0,0,1,0,454,1,1,3,0,0,0,1,1,22,1,1,1,1,0,1
965,2,30,3,0,0,0,0,0,0,0,1,0,0,1715,0,2,4,1,0,0,1,1,26,1,1,2,1,0,1
966,2,27,0,0,0,0,0,0,0,0,1,0,0,2520,3,2,4,0,0,0,1,2,23,1,2,1,1,0,1
967,0,15,3,0,0,0,0,0,0,0,1,0,0,3568,1,4,4,1,0,0,1,2,54,0,1,3,1,1,1
968,0,42,3,0,0,0,0,0,0,0,1,0,0,7166,0,3,2,0,0,0,1,4,29,0,1,2,1,1,1
969,1,11,0,0,1,0,0,0,0,0,0,0,0,3939,1,2,1,0,0,0,1,2,40,1,2,1,2,0,1
970,2,15,3,0,0,0,0,0,0,0,0,1,0,1514,2,2,4,0,0,1,0,2,22,1,1,2,1,0,1
971,0,24,3,0,1,0,0,0,0,0,0,0,0,7393,1,2,1,0,0,0,1,4,43,1,1,1,2,0,1
972,1,24,4,0,1,0,0,0,0,0,0,0,0,1193,1,0,1,1,1,0,0,4,29,0,2,0,1,0,1
973,1,60,3,1,0,0,0,0,0,0,0,0,0,7297,1,4,4,0,1,0,0,4,36,0,1,2,1,0,1
974,0,30,0,0,0,0,0,0,0,0,1,0,0,2831,1,2,4,1,0,0,1,2,33,1,1,2,1,1,1
975,3,24,3,0,0,0,0,0,0,0,1,0,0,1258,3,2,3,1,0,0,1,3,57,1,1,1,1,0,1
976,2,6,3,0,0,0,0,0,0,0,1,0,0,753,1,2,2,1,0,1,0,3,64,1,1,2,1,0,1
977,2,18,1,1,0,0,0,0,0,0,0,0,0,2427,0,4,4,0,0,0,1,2,42,1,2,2,1,0,1
978,0,24,1,0,1,0,0,0,0,0,0,0,0,2538,1,4,4,0,0,0,1,4,47,1,2,1,2,0,1
979,2,15,4,0,1,0,0,0,0,0,0,0,0,1264,2,2,2,0,0,0,1,2,25,0,1,2,1,0,1
980,2,30,0,0,0,0,0,0,1,0,0,0,0,8386,1,3,2,0,0,0,1,2,49,1,1,2,1,0,1
981,0,48,3,1,0,0,0,0,0,0,0,0,0,4844,1,0,3,0,0,0,1,2,33,0,1,3,1,1,1
982,3,21,3,0,1,0,0,0,0,0,0,0,0,2923,2,2,1,1,0,0,1,1,28,1,1,3,1,1,1
983,1,36,3,0,0,1,0,0,0,0,0,0,0,8229,1,2,2,0,0,0,1,2,26,1,1,2,2,0,1
984,0,24,0,0,0,0,0,0,1,0,0,0,0,2028,1,3,2,0,0,0,1,2,30,1,2,1,1,0,1
985,1,15,0,0,0,0,0,0,1,0,0,0,0,1433,1,2,4,1,0,0,1,3,25,0,2,2,1,0,1
986,3,42,2,1,0,0,0,0,0,0,0,0,0,6289,1,1,2,0,0,0,1,1,33,1,2,2,1,0,1
987,0,13,3,0,0,0,0,0,0,0,1,0,0,1409,2,0,2,1,0,0,1,4,64,1,1,2,1,0,1
988,1,24,3,0,0,1,0,0,0,0,0,0,0,6579,1,0,4,0,0,0,1,2,29,2,1,3,1,1,1
989,2,24,0,0,0,0,0,0,0,0,1,0,0,1743,1,4,4,0,0,0,1,2,48,1,2,1,1,0,1
990,0,12,0,0,0,0,0,1,0,0,0,0,0,3565,0,1,2,0,0,0,1,1,37,1,2,1,2,0,1
991,0,15,4,0,0,0,0,0,0,0,1,0,0,1569,2,4,4,0,0,0,1,4,34,1,1,1,2,0,1
992,1,18,3,0,0,0,0,0,0,0,1,0,0,1936,0,3,2,0,0,0,1,4,23,0,2,1,1,0,1
993,1,36,3,0,0,0,0,0,1,0,0,0,0,3959,1,0,4,0,0,0,1,3,30,1,1,3,1,1,1
994,0,12,3,0,1,0,0,0,0,0,0,0,0,2390,0,4,4,0,0,0,1,3,50,1,1,2,1,1,1
995,0,12,3,0,0,0,0,0,1,0,0,0,0,1736,1,3,3,1,0,0,1,4,31,1,1,1,1,0,1
996,1,30,3,0,0,1,0,0,0,0,0,0,0,3857,1,2,4,0,0,0,1,4,40,1,1,3,1,1,1
997,0,12,3,0,0,0,0,0,0,0,1,0,0,804,1,4,4,0,0,0,1,4,38,1,1,2,1,0,1
998,1,45,3,0,0,0,0,0,0,0,1,0,0,1845,1,2,4,0,0,0,1,4,23,2,1,2,1,1,1
999,2,45,0,0,0,1,0,0,0,0,0,0,0,4576,2,0,3,0,0,0,1,4,27,1,1,2,1,0,1
